"","year","Cum_Int","lat","lon","region"
"1",1983,219.5492,32.375,-117.125,"Northern Baja California"
"2",1984,308.9837,32.375,-117.125,"Northern Baja California"
"3",1985,0,32.375,-117.125,"Northern Baja California"
"4",1986,23.5348,32.375,-117.125,"Northern Baja California"
"5",1987,0,32.375,-117.125,"Northern Baja California"
"6",1988,25.9877,32.375,-117.125,"Northern Baja California"
"7",1989,8.4398,32.375,-117.125,"Northern Baja California"
"8",1990,25.3266,32.375,-117.125,"Northern Baja California"
"9",1991,0,32.375,-117.125,"Northern Baja California"
"10",1992,167.3075,32.375,-117.125,"Northern Baja California"
"11",1993,84.0598,32.375,-117.125,"Northern Baja California"
"12",1994,0,32.375,-117.125,"Northern Baja California"
"13",1995,52.306,32.375,-117.125,"Northern Baja California"
"14",1996,60.8722,32.375,-117.125,"Northern Baja California"
"15",1997,240.7279,32.375,-117.125,"Northern Baja California"
"16",1998,166.3796,32.375,-117.125,"Northern Baja California"
"17",1999,0,32.375,-117.125,"Northern Baja California"
"18",2000,33.9016,32.375,-117.125,"Northern Baja California"
"19",2001,9.0156,32.375,-117.125,"Northern Baja California"
"20",2002,0,32.375,-117.125,"Northern Baja California"
"21",2003,5.8538,32.375,-117.125,"Northern Baja California"
"22",2004,25.0602,32.375,-117.125,"Northern Baja California"
"23",2005,9.2677,32.375,-117.125,"Northern Baja California"
"24",2006,89.8794,32.375,-117.125,"Northern Baja California"
"25",2007,11.2975,32.375,-117.125,"Northern Baja California"
"26",2008,8.3134,32.375,-117.125,"Northern Baja California"
"27",2009,0,32.375,-117.125,"Northern Baja California"
"28",2010,0,32.375,-117.125,"Northern Baja California"
"29",2011,0,32.375,-117.125,"Northern Baja California"
"30",2012,16.2072,32.375,-117.125,"Northern Baja California"
"31",2013,36.9834,32.375,-117.125,"Northern Baja California"
"32",2014,549.8473,32.375,-117.125,"Northern Baja California"
"33",2015,768.5573,32.375,-117.125,"Northern Baja California"
"34",2016,259.7792,32.375,-117.125,"Northern Baja California"
"35",2017,182.79,32.375,-117.125,"Northern Baja California"
"36",2018,278.5885,32.375,-117.125,"Northern Baja California"
"37",2019,21.8742,32.375,-117.125,"Northern Baja California"
"38",2020,209.8661,32.375,-117.125,"Northern Baja California"
"39",2021,26.0096,32.375,-117.125,"Northern Baja California"
"40",2022,77.967,32.375,-117.125,"Northern Baja California"
"41",2023,27.9909,32.375,-117.125,"Northern Baja California"
"42",1983,194.8687,32.375,-117.375,"Northern Baja California"
"43",1984,284.4108,32.375,-117.375,"Northern Baja California"
"44",1985,0,32.375,-117.375,"Northern Baja California"
"45",1986,10.0934,32.375,-117.375,"Northern Baja California"
"46",1987,0,32.375,-117.375,"Northern Baja California"
"47",1988,26.3864,32.375,-117.375,"Northern Baja California"
"48",1989,17.5582,32.375,-117.375,"Northern Baja California"
"49",1990,13.4113,32.375,-117.375,"Northern Baja California"
"50",1991,0,32.375,-117.375,"Northern Baja California"
"51",1992,193.1505,32.375,-117.375,"Northern Baja California"
"52",1993,83.9826,32.375,-117.375,"Northern Baja California"
"53",1994,0,32.375,-117.375,"Northern Baja California"
"54",1995,43.1211,32.375,-117.375,"Northern Baja California"
"55",1996,49.7101,32.375,-117.375,"Northern Baja California"
"56",1997,222.8622,32.375,-117.375,"Northern Baja California"
"57",1998,147.5265,32.375,-117.375,"Northern Baja California"
"58",1999,0,32.375,-117.375,"Northern Baja California"
"59",2000,31.6477,32.375,-117.375,"Northern Baja California"
"60",2001,11.8722,32.375,-117.375,"Northern Baja California"
"61",2002,0,32.375,-117.375,"Northern Baja California"
"62",2003,0,32.375,-117.375,"Northern Baja California"
"63",2004,16.0549,32.375,-117.375,"Northern Baja California"
"64",2005,8.43,32.375,-117.375,"Northern Baja California"
"65",2006,134.3563,32.375,-117.375,"Northern Baja California"
"66",2007,0,32.375,-117.375,"Northern Baja California"
"67",2008,9.51050000000001,32.375,-117.375,"Northern Baja California"
"68",2009,8.2073,32.375,-117.375,"Northern Baja California"
"69",2010,0,32.375,-117.375,"Northern Baja California"
"70",2011,0,32.375,-117.375,"Northern Baja California"
"71",2012,11.3465,32.375,-117.375,"Northern Baja California"
"72",2013,14.0944,32.375,-117.375,"Northern Baja California"
"73",2014,533.5944,32.375,-117.375,"Northern Baja California"
"74",2015,755.5053,32.375,-117.375,"Northern Baja California"
"75",2016,238.6093,32.375,-117.375,"Northern Baja California"
"76",2017,166.2306,32.375,-117.375,"Northern Baja California"
"77",2018,281.8518,32.375,-117.375,"Northern Baja California"
"78",2019,37.5788,32.375,-117.375,"Northern Baja California"
"79",2020,242.7423,32.375,-117.375,"Northern Baja California"
"80",2021,30.4768,32.375,-117.375,"Northern Baja California"
"81",2022,129.6141,32.375,-117.375,"Northern Baja California"
"82",2023,26.8368,32.375,-117.375,"Northern Baja California"
"83",1983,226.8435,32.125,-116.875,"Northern Baja California"
"84",1984,260.1031,32.125,-116.875,"Northern Baja California"
"85",1985,0,32.125,-116.875,"Northern Baja California"
"86",1986,21.0334,32.125,-116.875,"Northern Baja California"
"87",1987,0,32.125,-116.875,"Northern Baja California"
"88",1988,25.4521,32.125,-116.875,"Northern Baja California"
"89",1989,0,32.125,-116.875,"Northern Baja California"
"90",1990,36.1849,32.125,-116.875,"Northern Baja California"
"91",1991,0,32.125,-116.875,"Northern Baja California"
"92",1992,198.3676,32.125,-116.875,"Northern Baja California"
"93",1993,64.685,32.125,-116.875,"Northern Baja California"
"94",1994,9.4588,32.125,-116.875,"Northern Baja California"
"95",1995,53.6783,32.125,-116.875,"Northern Baja California"
"96",1996,68.7553,32.125,-116.875,"Northern Baja California"
"97",1997,253.2302,32.125,-116.875,"Northern Baja California"
"98",1998,151.6358,32.125,-116.875,"Northern Baja California"
"99",1999,0,32.125,-116.875,"Northern Baja California"
"100",2000,53.8861,32.125,-116.875,"Northern Baja California"
"101",2001,26.5717,32.125,-116.875,"Northern Baja California"
"102",2002,0,32.125,-116.875,"Northern Baja California"
"103",2003,13.1355,32.125,-116.875,"Northern Baja California"
"104",2004,15.9859,32.125,-116.875,"Northern Baja California"
"105",2005,14.0269,32.125,-116.875,"Northern Baja California"
"106",2006,82.2358,32.125,-116.875,"Northern Baja California"
"107",2007,25.0768,32.125,-116.875,"Northern Baja California"
"108",2008,0,32.125,-116.875,"Northern Baja California"
"109",2009,12.5408,32.125,-116.875,"Northern Baja California"
"110",2010,0,32.125,-116.875,"Northern Baja California"
"111",2011,0,32.125,-116.875,"Northern Baja California"
"112",2012,11.1054,32.125,-116.875,"Northern Baja California"
"113",2013,42.2788,32.125,-116.875,"Northern Baja California"
"114",2014,476.1209,32.125,-116.875,"Northern Baja California"
"115",2015,759.792,32.125,-116.875,"Northern Baja California"
"116",2016,250.2401,32.125,-116.875,"Northern Baja California"
"117",2017,188.9376,32.125,-116.875,"Northern Baja California"
"118",2018,282.8218,32.125,-116.875,"Northern Baja California"
"119",2019,17.6549,32.125,-116.875,"Northern Baja California"
"120",2020,230.3395,32.125,-116.875,"Northern Baja California"
"121",2021,31.2441,32.125,-116.875,"Northern Baja California"
"122",2022,72.8488,32.125,-116.875,"Northern Baja California"
"123",2023,30.4685,32.125,-116.875,"Northern Baja California"
"124",1983,226.9144,31.875,-116.875,"Northern Baja California"
"125",1984,246.9819,31.875,-116.875,"Northern Baja California"
"126",1985,0,31.875,-116.875,"Northern Baja California"
"127",1986,8.7148,31.875,-116.875,"Northern Baja California"
"128",1987,0,31.875,-116.875,"Northern Baja California"
"129",1988,23.5508,31.875,-116.875,"Northern Baja California"
"130",1989,0,31.875,-116.875,"Northern Baja California"
"131",1990,34.876,31.875,-116.875,"Northern Baja California"
"132",1991,0,31.875,-116.875,"Northern Baja California"
"133",1992,192.6547,31.875,-116.875,"Northern Baja California"
"134",1993,51.5217,31.875,-116.875,"Northern Baja California"
"135",1994,9.5505,31.875,-116.875,"Northern Baja California"
"136",1995,69.6243,31.875,-116.875,"Northern Baja California"
"137",1996,46.5119,31.875,-116.875,"Northern Baja California"
"138",1997,279.6931,31.875,-116.875,"Northern Baja California"
"139",1998,135.4935,31.875,-116.875,"Northern Baja California"
"140",1999,0,31.875,-116.875,"Northern Baja California"
"141",2000,35.6573,31.875,-116.875,"Northern Baja California"
"142",2001,27.4116,31.875,-116.875,"Northern Baja California"
"143",2002,0,31.875,-116.875,"Northern Baja California"
"144",2003,14.2771,31.875,-116.875,"Northern Baja California"
"145",2004,15.7734,31.875,-116.875,"Northern Baja California"
"146",2005,5.7727,31.875,-116.875,"Northern Baja California"
"147",2006,76.8747,31.875,-116.875,"Northern Baja California"
"148",2007,27.5815,31.875,-116.875,"Northern Baja California"
"149",2008,0,31.875,-116.875,"Northern Baja California"
"150",2009,11.1445,31.875,-116.875,"Northern Baja California"
"151",2010,0,31.875,-116.875,"Northern Baja California"
"152",2011,0,31.875,-116.875,"Northern Baja California"
"153",2012,11.7861,31.875,-116.875,"Northern Baja California"
"154",2013,33.5135,31.875,-116.875,"Northern Baja California"
"155",2014,448.2406,31.875,-116.875,"Northern Baja California"
"156",2015,715.7108,31.875,-116.875,"Northern Baja California"
"157",2016,257.3721,31.875,-116.875,"Northern Baja California"
"158",2017,187.5649,31.875,-116.875,"Northern Baja California"
"159",2018,301.2136,31.875,-116.875,"Northern Baja California"
"160",2019,26.2408,31.875,-116.875,"Northern Baja California"
"161",2020,287.4139,31.875,-116.875,"Northern Baja California"
"162",2021,59.3817,31.875,-116.875,"Northern Baja California"
"163",2022,69.9763,31.875,-116.875,"Northern Baja California"
"164",2023,31.1443,31.875,-116.875,"Northern Baja California"
"165",1983,202.0627,31.625,-116.625,"Northern Baja California"
"166",1984,157.4928,31.625,-116.625,"Northern Baja California"
"167",1985,0,31.625,-116.625,"Northern Baja California"
"168",1986,0,31.625,-116.625,"Northern Baja California"
"169",1987,0,31.625,-116.625,"Northern Baja California"
"170",1988,25.85,31.625,-116.625,"Northern Baja California"
"171",1989,0,31.625,-116.625,"Northern Baja California"
"172",1990,39.1052,31.625,-116.625,"Northern Baja California"
"173",1991,0,31.625,-116.625,"Northern Baja California"
"174",1992,195.4208,31.625,-116.625,"Northern Baja California"
"175",1993,43.1115,31.625,-116.625,"Northern Baja California"
"176",1994,12.6479,31.625,-116.625,"Northern Baja California"
"177",1995,65.5804,31.625,-116.625,"Northern Baja California"
"178",1996,49.6796,31.625,-116.625,"Northern Baja California"
"179",1997,319.8073,31.625,-116.625,"Northern Baja California"
"180",1998,131.5326,31.625,-116.625,"Northern Baja California"
"181",1999,0,31.625,-116.625,"Northern Baja California"
"182",2000,29.3145,31.625,-116.625,"Northern Baja California"
"183",2001,33.2928,31.625,-116.625,"Northern Baja California"
"184",2002,0,31.625,-116.625,"Northern Baja California"
"185",2003,24.5496,31.625,-116.625,"Northern Baja California"
"186",2004,0,31.625,-116.625,"Northern Baja California"
"187",2005,0,31.625,-116.625,"Northern Baja California"
"188",2006,82.7126,31.625,-116.625,"Northern Baja California"
"189",2007,15.0953,31.625,-116.625,"Northern Baja California"
"190",2008,31.1232,31.625,-116.625,"Northern Baja California"
"191",2009,10.8464,31.625,-116.625,"Northern Baja California"
"192",2010,0,31.625,-116.625,"Northern Baja California"
"193",2011,0,31.625,-116.625,"Northern Baja California"
"194",2012,36.3837,31.625,-116.625,"Northern Baja California"
"195",2013,43.8088,31.625,-116.625,"Northern Baja California"
"196",2014,412.5802,31.625,-116.625,"Northern Baja California"
"197",2015,672.7562,31.625,-116.625,"Northern Baja California"
"198",2016,224.9071,31.625,-116.625,"Northern Baja California"
"199",2017,144.1265,31.625,-116.625,"Northern Baja California"
"200",2018,288.9068,31.625,-116.625,"Northern Baja California"
"201",2019,45.6404,31.625,-116.625,"Northern Baja California"
"202",2020,360.4632,31.625,-116.625,"Northern Baja California"
"203",2021,191.755,31.625,-116.625,"Northern Baja California"
"204",2022,38.4625,31.625,-116.625,"Northern Baja California"
"205",2023,34.091,31.625,-116.625,"Northern Baja California"
"206",1983,203.0728,31.625,-116.875,"Northern Baja California"
"207",1984,184.024,31.625,-116.875,"Northern Baja California"
"208",1985,0,31.625,-116.875,"Northern Baja California"
"209",1986,0,31.625,-116.875,"Northern Baja California"
"210",1987,0,31.625,-116.875,"Northern Baja California"
"211",1988,24.0926,31.625,-116.875,"Northern Baja California"
"212",1989,6.6027,31.625,-116.875,"Northern Baja California"
"213",1990,41.7537,31.625,-116.875,"Northern Baja California"
"214",1991,0,31.625,-116.875,"Northern Baja California"
"215",1992,199.5094,31.625,-116.875,"Northern Baja California"
"216",1993,41.6226,31.625,-116.875,"Northern Baja California"
"217",1994,0,31.625,-116.875,"Northern Baja California"
"218",1995,71.6706,31.625,-116.875,"Northern Baja California"
"219",1996,39.6747,31.625,-116.875,"Northern Baja California"
"220",1997,290.469,31.625,-116.875,"Northern Baja California"
"221",1998,119.3774,31.625,-116.875,"Northern Baja California"
"222",1999,0,31.625,-116.875,"Northern Baja California"
"223",2000,22.9828,31.625,-116.875,"Northern Baja California"
"224",2001,37.7747,31.625,-116.875,"Northern Baja California"
"225",2002,0,31.625,-116.875,"Northern Baja California"
"226",2003,15.8517,31.625,-116.875,"Northern Baja California"
"227",2004,7.3732,31.625,-116.875,"Northern Baja California"
"228",2005,0,31.625,-116.875,"Northern Baja California"
"229",2006,85.3488,31.625,-116.875,"Northern Baja California"
"230",2007,16.1697,31.625,-116.875,"Northern Baja California"
"231",2008,7.838,31.625,-116.875,"Northern Baja California"
"232",2009,10.7748,31.625,-116.875,"Northern Baja California"
"233",2010,0,31.625,-116.875,"Northern Baja California"
"234",2011,0,31.625,-116.875,"Northern Baja California"
"235",2012,30.0358,31.625,-116.875,"Northern Baja California"
"236",2013,25.6167,31.625,-116.875,"Northern Baja California"
"237",2014,424.1984,31.625,-116.875,"Northern Baja California"
"238",2015,708.4028,31.625,-116.875,"Northern Baja California"
"239",2016,215.4553,31.625,-116.875,"Northern Baja California"
"240",2017,201.6793,31.625,-116.875,"Northern Baja California"
"241",2018,301.8456,31.625,-116.875,"Northern Baja California"
"242",2019,45.0213,31.625,-116.875,"Northern Baja California"
"243",2020,366.1362,31.625,-116.875,"Northern Baja California"
"244",2021,128.1315,31.625,-116.875,"Northern Baja California"
"245",2022,90.0107,31.625,-116.875,"Northern Baja California"
"246",2023,32.4239,31.625,-116.875,"Northern Baja California"
"247",1983,195.1425,31.375,-116.375,"Northern Baja California"
"248",1984,109.3798,31.375,-116.375,"Northern Baja California"
"249",1985,9.2579,31.375,-116.375,"Northern Baja California"
"250",1986,0,31.375,-116.375,"Northern Baja California"
"251",1987,0,31.375,-116.375,"Northern Baja California"
"252",1988,39.9401,31.375,-116.375,"Northern Baja California"
"253",1989,19.5189,31.375,-116.375,"Northern Baja California"
"254",1990,88.4602,31.375,-116.375,"Northern Baja California"
"255",1991,6.727,31.375,-116.375,"Northern Baja California"
"256",1992,225.641,31.375,-116.375,"Northern Baja California"
"257",1993,43.8219,31.375,-116.375,"Northern Baja California"
"258",1994,0,31.375,-116.375,"Northern Baja California"
"259",1995,63.828,31.375,-116.375,"Northern Baja California"
"260",1996,63.3505,31.375,-116.375,"Northern Baja California"
"261",1997,368.276,31.375,-116.375,"Northern Baja California"
"262",1998,121.678,31.375,-116.375,"Northern Baja California"
"263",1999,0,31.375,-116.375,"Northern Baja California"
"264",2000,0,31.375,-116.375,"Northern Baja California"
"265",2001,21.3707,31.375,-116.375,"Northern Baja California"
"266",2002,0,31.375,-116.375,"Northern Baja California"
"267",2003,28.6475,31.375,-116.375,"Northern Baja California"
"268",2004,0,31.375,-116.375,"Northern Baja California"
"269",2005,8.012,31.375,-116.375,"Northern Baja California"
"270",2006,121.3652,31.375,-116.375,"Northern Baja California"
"271",2007,15.7861,31.375,-116.375,"Northern Baja California"
"272",2008,51.1016,31.375,-116.375,"Northern Baja California"
"273",2009,9.2121,31.375,-116.375,"Northern Baja California"
"274",2010,0,31.375,-116.375,"Northern Baja California"
"275",2011,0,31.375,-116.375,"Northern Baja California"
"276",2012,25.5588,31.375,-116.375,"Northern Baja California"
"277",2013,35.2796,31.375,-116.375,"Northern Baja California"
"278",2014,364.1995,31.375,-116.375,"Northern Baja California"
"279",2015,679.4154,31.375,-116.375,"Northern Baja California"
"280",2016,231.9185,31.375,-116.375,"Northern Baja California"
"281",2017,133.7336,31.375,-116.375,"Northern Baja California"
"282",2018,290.7076,31.375,-116.375,"Northern Baja California"
"283",2019,41.0162,31.375,-116.375,"Northern Baja California"
"284",2020,414.4924,31.375,-116.375,"Northern Baja California"
"285",2021,297.2569,31.375,-116.375,"Northern Baja California"
"286",2022,35.1566,31.375,-116.375,"Northern Baja California"
"287",2023,39.1644,31.375,-116.375,"Northern Baja California"
"288",1983,181.5226,31.375,-116.625,"Northern Baja California"
"289",1984,124.9562,31.375,-116.625,"Northern Baja California"
"290",1985,8.4441,31.375,-116.625,"Northern Baja California"
"291",1986,0,31.375,-116.625,"Northern Baja California"
"292",1987,0,31.375,-116.625,"Northern Baja California"
"293",1988,26.3295,31.375,-116.625,"Northern Baja California"
"294",1989,11.2724,31.375,-116.625,"Northern Baja California"
"295",1990,68.3211,31.375,-116.625,"Northern Baja California"
"296",1991,0,31.375,-116.625,"Northern Baja California"
"297",1992,205.835,31.375,-116.625,"Northern Baja California"
"298",1993,50.2063,31.375,-116.625,"Northern Baja California"
"299",1994,13.0178,31.375,-116.625,"Northern Baja California"
"300",1995,64.5444,31.375,-116.625,"Northern Baja California"
"301",1996,48.0706,31.375,-116.625,"Northern Baja California"
"302",1997,341.5835,31.375,-116.625,"Northern Baja California"
"303",1998,126.2616,31.375,-116.625,"Northern Baja California"
"304",1999,0,31.375,-116.625,"Northern Baja California"
"305",2000,10.4371,31.375,-116.625,"Northern Baja California"
"306",2001,25.5554,31.375,-116.625,"Northern Baja California"
"307",2002,0,31.375,-116.625,"Northern Baja California"
"308",2003,21.6727,31.375,-116.625,"Northern Baja California"
"309",2004,0,31.375,-116.625,"Northern Baja California"
"310",2005,0,31.375,-116.625,"Northern Baja California"
"311",2006,102.2026,31.375,-116.625,"Northern Baja California"
"312",2007,15.5389,31.375,-116.625,"Northern Baja California"
"313",2008,39.3523,31.375,-116.625,"Northern Baja California"
"314",2009,0,31.375,-116.625,"Northern Baja California"
"315",2010,0,31.375,-116.625,"Northern Baja California"
"316",2011,0,31.375,-116.625,"Northern Baja California"
"317",2012,36.584,31.375,-116.625,"Northern Baja California"
"318",2013,40.3251,31.375,-116.625,"Northern Baja California"
"319",2014,392.6658,31.375,-116.625,"Northern Baja California"
"320",2015,688.7468,31.375,-116.625,"Northern Baja California"
"321",2016,229.2734,31.375,-116.625,"Northern Baja California"
"322",2017,158.3594,31.375,-116.625,"Northern Baja California"
"323",2018,308.9799,31.375,-116.625,"Northern Baja California"
"324",2019,44.8462,31.375,-116.625,"Northern Baja California"
"325",2020,381.0948,31.375,-116.625,"Northern Baja California"
"326",2021,255.3578,31.375,-116.625,"Northern Baja California"
"327",2022,39.7122,31.375,-116.625,"Northern Baja California"
"328",2023,34.8415,31.375,-116.625,"Northern Baja California"
"329",1983,177.3046,31.125,-116.375,"Northern Baja California"
"330",1984,87.7954,31.125,-116.375,"Northern Baja California"
"331",1985,9.6397,31.125,-116.375,"Northern Baja California"
"332",1986,0,31.125,-116.375,"Northern Baja California"
"333",1987,10.4197,31.125,-116.375,"Northern Baja California"
"334",1988,38.9933,31.125,-116.375,"Northern Baja California"
"335",1989,20.5628,31.125,-116.375,"Northern Baja California"
"336",1990,91.7502,31.125,-116.375,"Northern Baja California"
"337",1991,0,31.125,-116.375,"Northern Baja California"
"338",1992,258.8619,31.125,-116.375,"Northern Baja California"
"339",1993,60.1276,31.125,-116.375,"Northern Baja California"
"340",1994,12.5489,31.125,-116.375,"Northern Baja California"
"341",1995,49.1145,31.125,-116.375,"Northern Baja California"
"342",1996,53.4037,31.125,-116.375,"Northern Baja California"
"343",1997,351.9238,31.125,-116.375,"Northern Baja California"
"344",1998,128.0972,31.125,-116.375,"Northern Baja California"
"345",1999,0,31.125,-116.375,"Northern Baja California"
"346",2000,0,31.125,-116.375,"Northern Baja California"
"347",2001,25.3802,31.125,-116.375,"Northern Baja California"
"348",2002,0,31.125,-116.375,"Northern Baja California"
"349",2003,28.9196,31.125,-116.375,"Northern Baja California"
"350",2004,0,31.125,-116.375,"Northern Baja California"
"351",2005,10.7215,31.125,-116.375,"Northern Baja California"
"352",2006,122.9054,31.125,-116.375,"Northern Baja California"
"353",2007,12.6152,31.125,-116.375,"Northern Baja California"
"354",2008,35.5153,31.125,-116.375,"Northern Baja California"
"355",2009,8.0069,31.125,-116.375,"Northern Baja California"
"356",2010,13.3618,31.125,-116.375,"Northern Baja California"
"357",2011,0,31.125,-116.375,"Northern Baja California"
"358",2012,50.3724,31.125,-116.375,"Northern Baja California"
"359",2013,7.6166,31.125,-116.375,"Northern Baja California"
"360",2014,394.8977,31.125,-116.375,"Northern Baja California"
"361",2015,710.0865,31.125,-116.375,"Northern Baja California"
"362",2016,226.3438,31.125,-116.375,"Northern Baja California"
"363",2017,147.491,31.125,-116.375,"Northern Baja California"
"364",2018,264.8618,31.125,-116.375,"Northern Baja California"
"365",2019,15.6225,31.125,-116.375,"Northern Baja California"
"366",2020,414.2521,31.125,-116.375,"Northern Baja California"
"367",2021,281.3646,31.125,-116.375,"Northern Baja California"
"368",2022,37.8877,31.125,-116.375,"Northern Baja California"
"369",2023,39.0591,31.125,-116.375,"Northern Baja California"
"370",1983,128.383,30.875,-116.125,"Northern Baja California"
"371",1984,27.5367,30.875,-116.125,"Northern Baja California"
"372",1985,10.3792,30.875,-116.125,"Northern Baja California"
"373",1986,0,30.875,-116.125,"Northern Baja California"
"374",1987,0,30.875,-116.125,"Northern Baja California"
"375",1988,39.5828,30.875,-116.125,"Northern Baja California"
"376",1989,27.8541,30.875,-116.125,"Northern Baja California"
"377",1990,117.5077,30.875,-116.125,"Northern Baja California"
"378",1991,0,30.875,-116.125,"Northern Baja California"
"379",1992,327.0438,30.875,-116.125,"Northern Baja California"
"380",1993,34.2988,30.875,-116.125,"Northern Baja California"
"381",1994,38.6011,30.875,-116.125,"Northern Baja California"
"382",1995,42.6021,30.875,-116.125,"Northern Baja California"
"383",1996,39.9789,30.875,-116.125,"Northern Baja California"
"384",1997,359.5678,30.875,-116.125,"Northern Baja California"
"385",1998,170.644,30.875,-116.125,"Northern Baja California"
"386",1999,0,30.875,-116.125,"Northern Baja California"
"387",2000,0,30.875,-116.125,"Northern Baja California"
"388",2001,25.5963,30.875,-116.125,"Northern Baja California"
"389",2002,0,30.875,-116.125,"Northern Baja California"
"390",2003,38.5584,30.875,-116.125,"Northern Baja California"
"391",2004,9.8703,30.875,-116.125,"Northern Baja California"
"392",2005,26.8283,30.875,-116.125,"Northern Baja California"
"393",2006,170.5313,30.875,-116.125,"Northern Baja California"
"394",2007,0,30.875,-116.125,"Northern Baja California"
"395",2008,0,30.875,-116.125,"Northern Baja California"
"396",2009,5.8884,30.875,-116.125,"Northern Baja California"
"397",2010,14.7023,30.875,-116.125,"Northern Baja California"
"398",2011,0,30.875,-116.125,"Northern Baja California"
"399",2012,19.773,30.875,-116.125,"Northern Baja California"
"400",2013,28.7004,30.875,-116.125,"Northern Baja California"
"401",2014,394.8908,30.875,-116.125,"Northern Baja California"
"402",2015,735.7524,30.875,-116.125,"Northern Baja California"
"403",2016,221.254,30.875,-116.125,"Northern Baja California"
"404",2017,189.0103,30.875,-116.125,"Northern Baja California"
"405",2018,267.1015,30.875,-116.125,"Northern Baja California"
"406",2019,13.7705,30.875,-116.125,"Northern Baja California"
"407",2020,393.7183,30.875,-116.125,"Northern Baja California"
"408",2021,228.8028,30.875,-116.125,"Northern Baja California"
"409",2022,53.6338,30.875,-116.125,"Northern Baja California"
"410",2023,43.0638,30.875,-116.125,"Northern Baja California"
"411",1983,148.1833,30.875,-116.375,"Northern Baja California"
"412",1984,79.6156,30.875,-116.375,"Northern Baja California"
"413",1985,9.9954,30.875,-116.375,"Northern Baja California"
"414",1986,0,30.875,-116.375,"Northern Baja California"
"415",1987,0,30.875,-116.375,"Northern Baja California"
"416",1988,36.827,30.875,-116.375,"Northern Baja California"
"417",1989,26.6549,30.875,-116.375,"Northern Baja California"
"418",1990,73.7945,30.875,-116.375,"Northern Baja California"
"419",1991,0,30.875,-116.375,"Northern Baja California"
"420",1992,333.9627,30.875,-116.375,"Northern Baja California"
"421",1993,37.5048,30.875,-116.375,"Northern Baja California"
"422",1994,24.451,30.875,-116.375,"Northern Baja California"
"423",1995,47.364,30.875,-116.375,"Northern Baja California"
"424",1996,45.5576,30.875,-116.375,"Northern Baja California"
"425",1997,348.2371,30.875,-116.375,"Northern Baja California"
"426",1998,149.824,30.875,-116.375,"Northern Baja California"
"427",1999,0,30.875,-116.375,"Northern Baja California"
"428",2000,0,30.875,-116.375,"Northern Baja California"
"429",2001,26.8142,30.875,-116.375,"Northern Baja California"
"430",2002,0,30.875,-116.375,"Northern Baja California"
"431",2003,36.1172,30.875,-116.375,"Northern Baja California"
"432",2004,0,30.875,-116.375,"Northern Baja California"
"433",2005,12.5647,30.875,-116.375,"Northern Baja California"
"434",2006,140.9937,30.875,-116.375,"Northern Baja California"
"435",2007,0,30.875,-116.375,"Northern Baja California"
"436",2008,0,30.875,-116.375,"Northern Baja California"
"437",2009,7.134,30.875,-116.375,"Northern Baja California"
"438",2010,17.4603,30.875,-116.375,"Northern Baja California"
"439",2011,0,30.875,-116.375,"Northern Baja California"
"440",2012,50.9898,30.875,-116.375,"Northern Baja California"
"441",2013,6.7246,30.875,-116.375,"Northern Baja California"
"442",2014,440.4992,30.875,-116.375,"Northern Baja California"
"443",2015,747.2798,30.875,-116.375,"Northern Baja California"
"444",2016,238.0648,30.875,-116.375,"Northern Baja California"
"445",2017,177.3004,30.875,-116.375,"Northern Baja California"
"446",2018,277.3113,30.875,-116.375,"Northern Baja California"
"447",2019,18.5778,30.875,-116.375,"Northern Baja California"
"448",2020,390.5997,30.875,-116.375,"Northern Baja California"
"449",2021,252.0456,30.875,-116.375,"Northern Baja California"
"450",2022,65.1051,30.875,-116.375,"Northern Baja California"
"451",2023,40.2358,30.875,-116.375,"Northern Baja California"
"452",1983,130.3844,30.625,-116.125,"Northern Baja California"
"453",1984,22.698,30.625,-116.125,"Northern Baja California"
"454",1985,9.8379,30.625,-116.125,"Northern Baja California"
"455",1986,0,30.625,-116.125,"Northern Baja California"
"456",1987,0,30.625,-116.125,"Northern Baja California"
"457",1988,38.3369,30.625,-116.125,"Northern Baja California"
"458",1989,30.1864,30.625,-116.125,"Northern Baja California"
"459",1990,139.51,30.625,-116.125,"Northern Baja California"
"460",1991,0,30.625,-116.125,"Northern Baja California"
"461",1992,333.6619,30.625,-116.125,"Northern Baja California"
"462",1993,24.4994,30.625,-116.125,"Northern Baja California"
"463",1994,34.8471,30.625,-116.125,"Northern Baja California"
"464",1995,32.8431,30.625,-116.125,"Northern Baja California"
"465",1996,50.2679,30.625,-116.125,"Northern Baja California"
"466",1997,345.5377,30.625,-116.125,"Northern Baja California"
"467",1998,173.6918,30.625,-116.125,"Northern Baja California"
"468",1999,0,30.625,-116.125,"Northern Baja California"
"469",2000,0,30.625,-116.125,"Northern Baja California"
"470",2001,26.2036,30.625,-116.125,"Northern Baja California"
"471",2002,0,30.625,-116.125,"Northern Baja California"
"472",2003,39.0451,30.625,-116.125,"Northern Baja California"
"473",2004,9.8224,30.625,-116.125,"Northern Baja California"
"474",2005,20.7553,30.625,-116.125,"Northern Baja California"
"475",2006,162.5532,30.625,-116.125,"Northern Baja California"
"476",2007,0,30.625,-116.125,"Northern Baja California"
"477",2008,0,30.625,-116.125,"Northern Baja California"
"478",2009,0,30.625,-116.125,"Northern Baja California"
"479",2010,24.0646,30.625,-116.125,"Northern Baja California"
"480",2011,0,30.625,-116.125,"Northern Baja California"
"481",2012,14.805,30.625,-116.125,"Northern Baja California"
"482",2013,40.4801,30.625,-116.125,"Northern Baja California"
"483",2014,413.4648,30.625,-116.125,"Northern Baja California"
"484",2015,765.8091,30.625,-116.125,"Northern Baja California"
"485",2016,233.5161,30.625,-116.125,"Northern Baja California"
"486",2017,209.8857,30.625,-116.125,"Northern Baja California"
"487",2018,264.4796,30.625,-116.125,"Northern Baja California"
"488",2019,18.1074,30.625,-116.125,"Northern Baja California"
"489",2020,392.0083,30.625,-116.125,"Northern Baja California"
"490",2021,214.2126,30.625,-116.125,"Northern Baja California"
"491",2022,62.7552,30.625,-116.125,"Northern Baja California"
"492",2023,40.7236,30.625,-116.125,"Northern Baja California"
"493",1983,140.4379,30.375,-115.875,"Northern Baja California"
"494",1984,33.5566,30.375,-115.875,"Northern Baja California"
"495",1985,0,30.375,-115.875,"Northern Baja California"
"496",1986,0,30.375,-115.875,"Northern Baja California"
"497",1987,10.4493,30.375,-115.875,"Northern Baja California"
"498",1988,40.5637,30.375,-115.875,"Northern Baja California"
"499",1989,26.6579,30.375,-115.875,"Northern Baja California"
"500",1990,108.137,30.375,-115.875,"Northern Baja California"
"501",1991,0,30.375,-115.875,"Northern Baja California"
"502",1992,330.8565,30.375,-115.875,"Northern Baja California"
"503",1993,22.5127,30.375,-115.875,"Northern Baja California"
"504",1994,22.337,30.375,-115.875,"Northern Baja California"
"505",1995,29.3486,30.375,-115.875,"Northern Baja California"
"506",1996,44.2238,30.375,-115.875,"Northern Baja California"
"507",1997,384.9131,30.375,-115.875,"Northern Baja California"
"508",1998,191.3677,30.375,-115.875,"Northern Baja California"
"509",1999,0,30.375,-115.875,"Northern Baja California"
"510",2000,15.4068,30.375,-115.875,"Northern Baja California"
"511",2001,19.906,30.375,-115.875,"Northern Baja California"
"512",2002,0,30.375,-115.875,"Northern Baja California"
"513",2003,38.9707,30.375,-115.875,"Northern Baja California"
"514",2004,21.4185,30.375,-115.875,"Northern Baja California"
"515",2005,0,30.375,-115.875,"Northern Baja California"
"516",2006,150.8476,30.375,-115.875,"Northern Baja California"
"517",2007,0,30.375,-115.875,"Northern Baja California"
"518",2008,0,30.375,-115.875,"Northern Baja California"
"519",2009,0,30.375,-115.875,"Northern Baja California"
"520",2010,26.8494,30.375,-115.875,"Northern Baja California"
"521",2011,0,30.375,-115.875,"Northern Baja California"
"522",2012,21.0665,30.375,-115.875,"Northern Baja California"
"523",2013,56.6993,30.375,-115.875,"Northern Baja California"
"524",2014,394.5381,30.375,-115.875,"Northern Baja California"
"525",2015,767.1796,30.375,-115.875,"Northern Baja California"
"526",2016,233.1992,30.375,-115.875,"Northern Baja California"
"527",2017,212.6185,30.375,-115.875,"Northern Baja California"
"528",2018,237.5283,30.375,-115.875,"Northern Baja California"
"529",2019,69.0567,30.375,-115.875,"Northern Baja California"
"530",2020,315.8193,30.375,-115.875,"Northern Baja California"
"531",2021,160.2841,30.375,-115.875,"Northern Baja California"
"532",2022,38.2419,30.375,-115.875,"Northern Baja California"
"533",2023,46.1505,30.375,-115.875,"Northern Baja California"
"534",1983,125.6848,30.375,-116.125,"Northern Baja California"
"535",1984,38.6409,30.375,-116.125,"Northern Baja California"
"536",1985,0,30.375,-116.125,"Northern Baja California"
"537",1986,0,30.375,-116.125,"Northern Baja California"
"538",1987,0,30.375,-116.125,"Northern Baja California"
"539",1988,38.4755,30.375,-116.125,"Northern Baja California"
"540",1989,22.8567,30.375,-116.125,"Northern Baja California"
"541",1990,126.4022,30.375,-116.125,"Northern Baja California"
"542",1991,0,30.375,-116.125,"Northern Baja California"
"543",1992,352.1369,30.375,-116.125,"Northern Baja California"
"544",1993,23.3139,30.375,-116.125,"Northern Baja California"
"545",1994,32.7674,30.375,-116.125,"Northern Baja California"
"546",1995,23.4242,30.375,-116.125,"Northern Baja California"
"547",1996,53.3897,30.375,-116.125,"Northern Baja California"
"548",1997,344.6795,30.375,-116.125,"Northern Baja California"
"549",1998,185.1751,30.375,-116.125,"Northern Baja California"
"550",1999,0,30.375,-116.125,"Northern Baja California"
"551",2000,8.3284,30.375,-116.125,"Northern Baja California"
"552",2001,30.5872,30.375,-116.125,"Northern Baja California"
"553",2002,0,30.375,-116.125,"Northern Baja California"
"554",2003,38.7649,30.375,-116.125,"Northern Baja California"
"555",2004,9.3353,30.375,-116.125,"Northern Baja California"
"556",2005,7.7621,30.375,-116.125,"Northern Baja California"
"557",2006,153.9065,30.375,-116.125,"Northern Baja California"
"558",2007,0,30.375,-116.125,"Northern Baja California"
"559",2008,0,30.375,-116.125,"Northern Baja California"
"560",2009,0,30.375,-116.125,"Northern Baja California"
"561",2010,26.7449,30.375,-116.125,"Northern Baja California"
"562",2011,0,30.375,-116.125,"Northern Baja California"
"563",2012,21.8882,30.375,-116.125,"Northern Baja California"
"564",2013,48.5878,30.375,-116.125,"Northern Baja California"
"565",2014,429.4181,30.375,-116.125,"Northern Baja California"
"566",2015,783.3393,30.375,-116.125,"Northern Baja California"
"567",2016,224.4949,30.375,-116.125,"Northern Baja California"
"568",2017,216.3222,30.375,-116.125,"Northern Baja California"
"569",2018,280.2154,30.375,-116.125,"Northern Baja California"
"570",2019,24.8568,30.375,-116.125,"Northern Baja California"
"571",2020,338.0246,30.375,-116.125,"Northern Baja California"
"572",2021,153.1292,30.375,-116.125,"Northern Baja California"
"573",2022,70.991,30.375,-116.125,"Northern Baja California"
"574",2023,37.2551,30.375,-116.125,"Northern Baja California"
"575",1983,159.644,30.125,-115.875,"Northern Baja California"
"576",1984,35.1267,30.125,-115.875,"Northern Baja California"
"577",1985,0,30.125,-115.875,"Northern Baja California"
"578",1986,0,30.125,-115.875,"Northern Baja California"
"579",1987,0,30.125,-115.875,"Northern Baja California"
"580",1988,38.2967,30.125,-115.875,"Northern Baja California"
"581",1989,25.406,30.125,-115.875,"Northern Baja California"
"582",1990,104.2999,30.125,-115.875,"Northern Baja California"
"583",1991,0,30.125,-115.875,"Northern Baja California"
"584",1992,353.2653,30.125,-115.875,"Northern Baja California"
"585",1993,31.9813,30.125,-115.875,"Northern Baja California"
"586",1994,24.9721,30.125,-115.875,"Northern Baja California"
"587",1995,30.5125,30.125,-115.875,"Northern Baja California"
"588",1996,45.9964,30.125,-115.875,"Northern Baja California"
"589",1997,417.6823,30.125,-115.875,"Northern Baja California"
"590",1998,199.2644,30.125,-115.875,"Northern Baja California"
"591",1999,0,30.125,-115.875,"Northern Baja California"
"592",2000,24.6921,30.125,-115.875,"Northern Baja California"
"593",2001,17.0809,30.125,-115.875,"Northern Baja California"
"594",2002,0,30.125,-115.875,"Northern Baja California"
"595",2003,38.9828,30.125,-115.875,"Northern Baja California"
"596",2004,18.023,30.125,-115.875,"Northern Baja California"
"597",2005,0,30.125,-115.875,"Northern Baja California"
"598",2006,135.3626,30.125,-115.875,"Northern Baja California"
"599",2007,0,30.125,-115.875,"Northern Baja California"
"600",2008,8.3566,30.125,-115.875,"Northern Baja California"
"601",2009,15.4217,30.125,-115.875,"Northern Baja California"
"602",2010,28.3967,30.125,-115.875,"Northern Baja California"
"603",2011,0,30.125,-115.875,"Northern Baja California"
"604",2012,24.6124,30.125,-115.875,"Northern Baja California"
"605",2013,53.974,30.125,-115.875,"Northern Baja California"
"606",2014,383.3885,30.125,-115.875,"Northern Baja California"
"607",2015,785.3011,30.125,-115.875,"Northern Baja California"
"608",2016,223.6302,30.125,-115.875,"Northern Baja California"
"609",2017,201.7122,30.125,-115.875,"Northern Baja California"
"610",2018,221.8767,30.125,-115.875,"Northern Baja California"
"611",2019,63.1726,30.125,-115.875,"Northern Baja California"
"612",2020,290.9365,30.125,-115.875,"Northern Baja California"
"613",2021,132.7539,30.125,-115.875,"Northern Baja California"
"614",2022,41.2038,30.125,-115.875,"Northern Baja California"
"615",2023,49.4846,30.125,-115.875,"Northern Baja California"
"616",1983,198.3369,29.875,-115.875,"Northern Baja California"
"617",1984,62.0882,29.875,-115.875,"Northern Baja California"
"618",1985,0,29.875,-115.875,"Northern Baja California"
"619",1986,0,29.875,-115.875,"Northern Baja California"
"620",1987,9.1506,29.875,-115.875,"Northern Baja California"
"621",1988,35.4229,29.875,-115.875,"Northern Baja California"
"622",1989,24.0794,29.875,-115.875,"Northern Baja California"
"623",1990,96.2624,29.875,-115.875,"Northern Baja California"
"624",1991,0,29.875,-115.875,"Northern Baja California"
"625",1992,300.6751,29.875,-115.875,"Northern Baja California"
"626",1993,33.7548,29.875,-115.875,"Northern Baja California"
"627",1994,12.373,29.875,-115.875,"Northern Baja California"
"628",1995,32.1044,29.875,-115.875,"Northern Baja California"
"629",1996,43.6956,29.875,-115.875,"Northern Baja California"
"630",1997,433.8966,29.875,-115.875,"Northern Baja California"
"631",1998,170.553,29.875,-115.875,"Northern Baja California"
"632",1999,0,29.875,-115.875,"Northern Baja California"
"633",2000,27.4882,29.875,-115.875,"Northern Baja California"
"634",2001,28.0562,29.875,-115.875,"Northern Baja California"
"635",2002,0,29.875,-115.875,"Northern Baja California"
"636",2003,33.3745,29.875,-115.875,"Northern Baja California"
"637",2004,24.8728,29.875,-115.875,"Northern Baja California"
"638",2005,0,29.875,-115.875,"Northern Baja California"
"639",2006,116.3294,29.875,-115.875,"Northern Baja California"
"640",2007,0,29.875,-115.875,"Northern Baja California"
"641",2008,19.5066,29.875,-115.875,"Northern Baja California"
"642",2009,15.7022,29.875,-115.875,"Northern Baja California"
"643",2010,28.0625,29.875,-115.875,"Northern Baja California"
"644",2011,0,29.875,-115.875,"Northern Baja California"
"645",2012,51.1306,29.875,-115.875,"Northern Baja California"
"646",2013,42.9189,29.875,-115.875,"Northern Baja California"
"647",2014,385.3577,29.875,-115.875,"Northern Baja California"
"648",2015,822.6096,29.875,-115.875,"Northern Baja California"
"649",2016,221.4854,29.875,-115.875,"Northern Baja California"
"650",2017,191.9722,29.875,-115.875,"Northern Baja California"
"651",2018,221.6323,29.875,-115.875,"Northern Baja California"
"652",2019,41.8592,29.875,-115.875,"Northern Baja California"
"653",2020,298.9972,29.875,-115.875,"Northern Baja California"
"654",2021,77.1774,29.875,-115.875,"Northern Baja California"
"655",2022,60.109,29.875,-115.875,"Northern Baja California"
"656",2023,58.6908,29.875,-115.875,"Northern Baja California"
"657",1983,274.503,29.625,-115.375,"Central Baja California"
"658",1984,54.196,29.625,-115.375,"Central Baja California"
"659",1985,0,29.625,-115.375,"Central Baja California"
"660",1986,0,29.625,-115.375,"Central Baja California"
"661",1987,14.8451,29.625,-115.375,"Central Baja California"
"662",1988,23.603,29.625,-115.375,"Central Baja California"
"663",1989,29.8267,29.625,-115.375,"Central Baja California"
"664",1990,89.6347,29.625,-115.375,"Central Baja California"
"665",1991,0,29.625,-115.375,"Central Baja California"
"666",1992,308.5559,29.625,-115.375,"Central Baja California"
"667",1993,31.6976,29.625,-115.375,"Central Baja California"
"668",1994,29.2506,29.625,-115.375,"Central Baja California"
"669",1995,44.4754,29.625,-115.375,"Central Baja California"
"670",1996,28.0028,29.625,-115.375,"Central Baja California"
"671",1997,463.5203,29.625,-115.375,"Central Baja California"
"672",1998,164.5771,29.625,-115.375,"Central Baja California"
"673",1999,0,29.625,-115.375,"Central Baja California"
"674",2000,26.3185,29.625,-115.375,"Central Baja California"
"675",2001,38.8375,29.625,-115.375,"Central Baja California"
"676",2002,0,29.625,-115.375,"Central Baja California"
"677",2003,12.7748,29.625,-115.375,"Central Baja California"
"678",2004,25.5657,29.625,-115.375,"Central Baja California"
"679",2005,0,29.625,-115.375,"Central Baja California"
"680",2006,116.1026,29.625,-115.375,"Central Baja California"
"681",2007,0,29.625,-115.375,"Central Baja California"
"682",2008,53.7879,29.625,-115.375,"Central Baja California"
"683",2009,0,29.625,-115.375,"Central Baja California"
"684",2010,46.642,29.625,-115.375,"Central Baja California"
"685",2011,0,29.625,-115.375,"Central Baja California"
"686",2012,111.9991,29.625,-115.375,"Central Baja California"
"687",2013,11.2722,29.625,-115.375,"Central Baja California"
"688",2014,422.0724,29.625,-115.375,"Central Baja California"
"689",2015,823.1489,29.625,-115.375,"Central Baja California"
"690",2016,249.7291,29.625,-115.375,"Central Baja California"
"691",2017,143.0985,29.625,-115.375,"Central Baja California"
"692",2018,185.8966,29.625,-115.375,"Central Baja California"
"693",2019,30.5082,29.625,-115.375,"Central Baja California"
"694",2020,231.3552,29.625,-115.375,"Central Baja California"
"695",2021,111.2083,29.625,-115.375,"Central Baja California"
"696",2022,33.171,29.625,-115.375,"Central Baja California"
"697",2023,93.6837,29.625,-115.375,"Central Baja California"
"698",1983,268.4475,29.625,-115.625,"Central Baja California"
"699",1984,53.3157,29.625,-115.625,"Central Baja California"
"700",1985,0,29.625,-115.625,"Central Baja California"
"701",1986,0,29.625,-115.625,"Central Baja California"
"702",1987,21.9631,29.625,-115.625,"Central Baja California"
"703",1988,23.1945,29.625,-115.625,"Central Baja California"
"704",1989,28.4036,29.625,-115.625,"Central Baja California"
"705",1990,103.3418,29.625,-115.625,"Central Baja California"
"706",1991,0,29.625,-115.625,"Central Baja California"
"707",1992,302.5916,29.625,-115.625,"Central Baja California"
"708",1993,42.9494,29.625,-115.625,"Central Baja California"
"709",1994,8.6992,29.625,-115.625,"Central Baja California"
"710",1995,39.8083,29.625,-115.625,"Central Baja California"
"711",1996,31.5852,29.625,-115.625,"Central Baja California"
"712",1997,466.4093,29.625,-115.625,"Central Baja California"
"713",1998,158.0144,29.625,-115.625,"Central Baja California"
"714",1999,0,29.625,-115.625,"Central Baja California"
"715",2000,28.5409,29.625,-115.625,"Central Baja California"
"716",2001,34.0901,29.625,-115.625,"Central Baja California"
"717",2002,0,29.625,-115.625,"Central Baja California"
"718",2003,11.9235,29.625,-115.625,"Central Baja California"
"719",2004,15.1243,29.625,-115.625,"Central Baja California"
"720",2005,0,29.625,-115.625,"Central Baja California"
"721",2006,114.3822,29.625,-115.625,"Central Baja California"
"722",2007,0,29.625,-115.625,"Central Baja California"
"723",2008,23.7087,29.625,-115.625,"Central Baja California"
"724",2009,0,29.625,-115.625,"Central Baja California"
"725",2010,38.0998,29.625,-115.625,"Central Baja California"
"726",2011,0,29.625,-115.625,"Central Baja California"
"727",2012,103.6571,29.625,-115.625,"Central Baja California"
"728",2013,12.8858,29.625,-115.625,"Central Baja California"
"729",2014,412.5801,29.625,-115.625,"Central Baja California"
"730",2015,842.0473,29.625,-115.625,"Central Baja California"
"731",2016,226.2563,29.625,-115.625,"Central Baja California"
"732",2017,191.4743,29.625,-115.625,"Central Baja California"
"733",2018,213.3683,29.625,-115.625,"Central Baja California"
"734",2019,60.5867,29.625,-115.625,"Central Baja California"
"735",2020,237.4264,29.625,-115.625,"Central Baja California"
"736",2021,71.5208,29.625,-115.625,"Central Baja California"
"737",2022,36.5111,29.625,-115.625,"Central Baja California"
"738",2023,98.9631,29.625,-115.625,"Central Baja California"
"739",1983,225.2771,29.625,-115.875,"Central Baja California"
"740",1984,74.4613,29.625,-115.875,"Central Baja California"
"741",1985,0,29.625,-115.875,"Central Baja California"
"742",1986,0,29.625,-115.875,"Central Baja California"
"743",1987,18.0264,29.625,-115.875,"Central Baja California"
"744",1988,24.3114,29.625,-115.875,"Central Baja California"
"745",1989,23.7801,29.625,-115.875,"Central Baja California"
"746",1990,111.362,29.625,-115.875,"Central Baja California"
"747",1991,0,29.625,-115.875,"Central Baja California"
"748",1992,299.4842,29.625,-115.875,"Central Baja California"
"749",1993,46.3239,29.625,-115.875,"Central Baja California"
"750",1994,9.3725,29.625,-115.875,"Central Baja California"
"751",1995,41.328,29.625,-115.875,"Central Baja California"
"752",1996,46.886,29.625,-115.875,"Central Baja California"
"753",1997,433.2133,29.625,-115.875,"Central Baja California"
"754",1998,127.7034,29.625,-115.875,"Central Baja California"
"755",1999,0,29.625,-115.875,"Central Baja California"
"756",2000,28.8652,29.625,-115.875,"Central Baja California"
"757",2001,28.3028,29.625,-115.875,"Central Baja California"
"758",2002,0,29.625,-115.875,"Central Baja California"
"759",2003,25.2543,29.625,-115.875,"Central Baja California"
"760",2004,24.3404,29.625,-115.875,"Central Baja California"
"761",2005,0,29.625,-115.875,"Central Baja California"
"762",2006,124.0048,29.625,-115.875,"Central Baja California"
"763",2007,0,29.625,-115.875,"Central Baja California"
"764",2008,0,29.625,-115.875,"Central Baja California"
"765",2009,11.5344,29.625,-115.875,"Central Baja California"
"766",2010,25.7366,29.625,-115.875,"Central Baja California"
"767",2011,0,29.625,-115.875,"Central Baja California"
"768",2012,82.0369,29.625,-115.875,"Central Baja California"
"769",2013,25.6285,29.625,-115.875,"Central Baja California"
"770",2014,428.9219,29.625,-115.875,"Central Baja California"
"771",2015,857.1406,29.625,-115.875,"Central Baja California"
"772",2016,207.9727,29.625,-115.875,"Central Baja California"
"773",2017,199.5725,29.625,-115.875,"Central Baja California"
"774",2018,269.4247,29.625,-115.875,"Central Baja California"
"775",2019,39.4531,29.625,-115.875,"Central Baja California"
"776",2020,260.536,29.625,-115.875,"Central Baja California"
"777",2021,71.114,29.625,-115.875,"Central Baja California"
"778",2022,64.6479,29.625,-115.875,"Central Baja California"
"779",2023,74.8335,29.625,-115.875,"Central Baja California"
"780",1983,297.8298,29.375,-114.875,"Central Baja California"
"781",1984,81.7539,29.375,-114.875,"Central Baja California"
"782",1985,0,29.375,-114.875,"Central Baja California"
"783",1986,0,29.375,-114.875,"Central Baja California"
"784",1987,20.2182,29.375,-114.875,"Central Baja California"
"785",1988,22.7832,29.375,-114.875,"Central Baja California"
"786",1989,26.9264,29.375,-114.875,"Central Baja California"
"787",1990,83.9126,29.375,-114.875,"Central Baja California"
"788",1991,0,29.375,-114.875,"Central Baja California"
"789",1992,391.0811,29.375,-114.875,"Central Baja California"
"790",1993,39.0795,29.375,-114.875,"Central Baja California"
"791",1994,46.8229,29.375,-114.875,"Central Baja California"
"792",1995,56.3274,29.375,-114.875,"Central Baja California"
"793",1996,16.8204,29.375,-114.875,"Central Baja California"
"794",1997,501.4581,29.375,-114.875,"Central Baja California"
"795",1998,159.2993,29.375,-114.875,"Central Baja California"
"796",1999,0,29.375,-114.875,"Central Baja California"
"797",2000,11.5469,29.375,-114.875,"Central Baja California"
"798",2001,43.4393,29.375,-114.875,"Central Baja California"
"799",2002,0,29.375,-114.875,"Central Baja California"
"800",2003,10.451,29.375,-114.875,"Central Baja California"
"801",2004,21.6059,29.375,-114.875,"Central Baja California"
"802",2005,23.6927,29.375,-114.875,"Central Baja California"
"803",2006,162.243,29.375,-114.875,"Central Baja California"
"804",2007,0,29.375,-114.875,"Central Baja California"
"805",2008,75.9765,29.375,-114.875,"Central Baja California"
"806",2009,0,29.375,-114.875,"Central Baja California"
"807",2010,19.5462,29.375,-114.875,"Central Baja California"
"808",2011,0,29.375,-114.875,"Central Baja California"
"809",2012,161.4949,29.375,-114.875,"Central Baja California"
"810",2013,31.1772,29.375,-114.875,"Central Baja California"
"811",2014,474.4582,29.375,-114.875,"Central Baja California"
"812",2015,827.1023,29.375,-114.875,"Central Baja California"
"813",2016,259.1948,29.375,-114.875,"Central Baja California"
"814",2017,63.2586,29.375,-114.875,"Central Baja California"
"815",2018,115.5425,29.375,-114.875,"Central Baja California"
"816",2019,33.9744,29.375,-114.875,"Central Baja California"
"817",2020,134.1119,29.375,-114.875,"Central Baja California"
"818",2021,136.584,29.375,-114.875,"Central Baja California"
"819",2022,39.3441,29.375,-114.875,"Central Baja California"
"820",2023,116.1451,29.375,-114.875,"Central Baja California"
"821",1983,294.7065,29.375,-115.125,"Central Baja California"
"822",1984,64.2828,29.375,-115.125,"Central Baja California"
"823",1985,0,29.375,-115.125,"Central Baja California"
"824",1986,0,29.375,-115.125,"Central Baja California"
"825",1987,25.167,29.375,-115.125,"Central Baja California"
"826",1988,26.4215,29.375,-115.125,"Central Baja California"
"827",1989,26.1865,29.375,-115.125,"Central Baja California"
"828",1990,86.8972,29.375,-115.125,"Central Baja California"
"829",1991,0,29.375,-115.125,"Central Baja California"
"830",1992,367.931,29.375,-115.125,"Central Baja California"
"831",1993,37.0798,29.375,-115.125,"Central Baja California"
"832",1994,36.9631,29.375,-115.125,"Central Baja California"
"833",1995,55.5546,29.375,-115.125,"Central Baja California"
"834",1996,18.7831,29.375,-115.125,"Central Baja California"
"835",1997,498.798,29.375,-115.125,"Central Baja California"
"836",1998,155.8511,29.375,-115.125,"Central Baja California"
"837",1999,0,29.375,-115.125,"Central Baja California"
"838",2000,14.0901,29.375,-115.125,"Central Baja California"
"839",2001,41.8893,29.375,-115.125,"Central Baja California"
"840",2002,0,29.375,-115.125,"Central Baja California"
"841",2003,13.0066,29.375,-115.125,"Central Baja California"
"842",2004,18.2344,29.375,-115.125,"Central Baja California"
"843",2005,21.1818,29.375,-115.125,"Central Baja California"
"844",2006,147.2848,29.375,-115.125,"Central Baja California"
"845",2007,0,29.375,-115.125,"Central Baja California"
"846",2008,70.3109,29.375,-115.125,"Central Baja California"
"847",2009,0,29.375,-115.125,"Central Baja California"
"848",2010,17.376,29.375,-115.125,"Central Baja California"
"849",2011,0,29.375,-115.125,"Central Baja California"
"850",2012,154.8436,29.375,-115.125,"Central Baja California"
"851",2013,23.4567,29.375,-115.125,"Central Baja California"
"852",2014,459.1329,29.375,-115.125,"Central Baja California"
"853",2015,815.3379,29.375,-115.125,"Central Baja California"
"854",2016,260.8921,29.375,-115.125,"Central Baja California"
"855",2017,72.4171,29.375,-115.125,"Central Baja California"
"856",2018,114.6592,29.375,-115.125,"Central Baja California"
"857",2019,31.9789,29.375,-115.125,"Central Baja California"
"858",2020,128.3859,29.375,-115.125,"Central Baja California"
"859",2021,126.3655,29.375,-115.125,"Central Baja California"
"860",2022,40.6705,29.375,-115.125,"Central Baja California"
"861",2023,118.6815,29.375,-115.125,"Central Baja California"
"862",1983,300.1198,29.125,-114.625,"Central Baja California"
"863",1984,104.7782,29.125,-114.625,"Central Baja California"
"864",1985,0,29.125,-114.625,"Central Baja California"
"865",1986,0,29.125,-114.625,"Central Baja California"
"866",1987,10.8938,29.125,-114.625,"Central Baja California"
"867",1988,24.0469,29.125,-114.625,"Central Baja California"
"868",1989,13.0826,29.125,-114.625,"Central Baja California"
"869",1990,98.5603,29.125,-114.625,"Central Baja California"
"870",1991,0,29.125,-114.625,"Central Baja California"
"871",1992,388.3204,29.125,-114.625,"Central Baja California"
"872",1993,55.7751,29.125,-114.625,"Central Baja California"
"873",1994,31.3406,29.125,-114.625,"Central Baja California"
"874",1995,50.6375,29.125,-114.625,"Central Baja California"
"875",1996,11.1788,29.125,-114.625,"Central Baja California"
"876",1997,454.3851,29.125,-114.625,"Central Baja California"
"877",1998,183.6015,29.125,-114.625,"Central Baja California"
"878",1999,0,29.125,-114.625,"Central Baja California"
"879",2000,7.9951,29.125,-114.625,"Central Baja California"
"880",2001,38.6121,29.125,-114.625,"Central Baja California"
"881",2002,0,29.125,-114.625,"Central Baja California"
"882",2003,0,29.125,-114.625,"Central Baja California"
"883",2004,23.157,29.125,-114.625,"Central Baja California"
"884",2005,19.4468,29.125,-114.625,"Central Baja California"
"885",2006,171.9888,29.125,-114.625,"Central Baja California"
"886",2007,0,29.125,-114.625,"Central Baja California"
"887",2008,81.8278,29.125,-114.625,"Central Baja California"
"888",2009,1.3532,29.125,-114.625,"Central Baja California"
"889",2010,28.1511,29.125,-114.625,"Central Baja California"
"890",2011,0,29.125,-114.625,"Central Baja California"
"891",2012,170.7364,29.125,-114.625,"Central Baja California"
"892",2013,35.2365,29.125,-114.625,"Central Baja California"
"893",2014,513.2479,29.125,-114.625,"Central Baja California"
"894",2015,901.8352,29.125,-114.625,"Central Baja California"
"895",2016,283.5921,29.125,-114.625,"Central Baja California"
"896",2017,90.8768,29.125,-114.625,"Central Baja California"
"897",2018,168.7929,29.125,-114.625,"Central Baja California"
"898",2019,31.6634,29.125,-114.625,"Central Baja California"
"899",2020,123.2681,29.125,-114.625,"Central Baja California"
"900",2021,131.1348,29.125,-114.625,"Central Baja California"
"901",2022,48.8985,29.125,-114.625,"Central Baja California"
"902",2023,110.4018,29.125,-114.625,"Central Baja California"
"903",1983,280.2965,28.375,-115.125,"Central Baja California"
"904",1984,124.9224,28.375,-115.125,"Central Baja California"
"905",1985,0,28.375,-115.125,"Central Baja California"
"906",1986,0,28.375,-115.125,"Central Baja California"
"907",1987,12.2742,28.375,-115.125,"Central Baja California"
"908",1988,24.8755,28.375,-115.125,"Central Baja California"
"909",1989,0,28.375,-115.125,"Central Baja California"
"910",1990,70.4416,28.375,-115.125,"Central Baja California"
"911",1991,0,28.375,-115.125,"Central Baja California"
"912",1992,411.8463,28.375,-115.125,"Central Baja California"
"913",1993,27.4519,28.375,-115.125,"Central Baja California"
"914",1994,22.4501,28.375,-115.125,"Central Baja California"
"915",1995,54.4555,28.375,-115.125,"Central Baja California"
"916",1996,9.0483,28.375,-115.125,"Central Baja California"
"917",1997,423.3047,28.375,-115.125,"Central Baja California"
"918",1998,148.0803,28.375,-115.125,"Central Baja California"
"919",1999,0,28.375,-115.125,"Central Baja California"
"920",2000,22.2704,28.375,-115.125,"Central Baja California"
"921",2001,28.9516,28.375,-115.125,"Central Baja California"
"922",2002,0,28.375,-115.125,"Central Baja California"
"923",2003,7.7506,28.375,-115.125,"Central Baja California"
"924",2004,8.7839,28.375,-115.125,"Central Baja California"
"925",2005,25.7554,28.375,-115.125,"Central Baja California"
"926",2006,67.3871,28.375,-115.125,"Central Baja California"
"927",2007,0,28.375,-115.125,"Central Baja California"
"928",2008,69.175,28.375,-115.125,"Central Baja California"
"929",2009,0,28.375,-115.125,"Central Baja California"
"930",2010,17.6253,28.375,-115.125,"Central Baja California"
"931",2011,0,28.375,-115.125,"Central Baja California"
"932",2012,177.8351,28.375,-115.125,"Central Baja California"
"933",2013,27.3696,28.375,-115.125,"Central Baja California"
"934",2014,609.7111,28.375,-115.125,"Central Baja California"
"935",2015,956.393,28.375,-115.125,"Central Baja California"
"936",2016,290.6377,28.375,-115.125,"Central Baja California"
"937",2017,158.7652,28.375,-115.125,"Central Baja California"
"938",2018,193.2672,28.375,-115.125,"Central Baja California"
"939",2019,7.69360000000001,28.375,-115.125,"Central Baja California"
"940",2020,159.2827,28.375,-115.125,"Central Baja California"
"941",2021,37.5111,28.375,-115.125,"Central Baja California"
"942",2022,54.3013,28.375,-115.125,"Central Baja California"
"943",2023,122.4807,28.375,-115.125,"Central Baja California"
"944",1983,261.6072,28.375,-115.375,"Central Baja California"
"945",1984,127.982,28.375,-115.375,"Central Baja California"
"946",1985,0,28.375,-115.375,"Central Baja California"
"947",1986,6.3079,28.375,-115.375,"Central Baja California"
"948",1987,11.2662,28.375,-115.375,"Central Baja California"
"949",1988,15.4077,28.375,-115.375,"Central Baja California"
"950",1989,0,28.375,-115.375,"Central Baja California"
"951",1990,84.5261,28.375,-115.375,"Central Baja California"
"952",1991,0,28.375,-115.375,"Central Baja California"
"953",1992,395.5355,28.375,-115.375,"Central Baja California"
"954",1993,13.7569,28.375,-115.375,"Central Baja California"
"955",1994,32.085,28.375,-115.375,"Central Baja California"
"956",1995,30.7988,28.375,-115.375,"Central Baja California"
"957",1996,12.6948,28.375,-115.375,"Central Baja California"
"958",1997,478.0013,28.375,-115.375,"Central Baja California"
"959",1998,138.198,28.375,-115.375,"Central Baja California"
"960",1999,0,28.375,-115.375,"Central Baja California"
"961",2000,21.8559,28.375,-115.375,"Central Baja California"
"962",2001,17.2079,28.375,-115.375,"Central Baja California"
"963",2002,0,28.375,-115.375,"Central Baja California"
"964",2003,0,28.375,-115.375,"Central Baja California"
"965",2004,7.4628,28.375,-115.375,"Central Baja California"
"966",2005,7.5229,28.375,-115.375,"Central Baja California"
"967",2006,81.6928,28.375,-115.375,"Central Baja California"
"968",2007,0,28.375,-115.375,"Central Baja California"
"969",2008,62.281,28.375,-115.375,"Central Baja California"
"970",2009,0,28.375,-115.375,"Central Baja California"
"971",2010,19.3202,28.375,-115.375,"Central Baja California"
"972",2011,0,28.375,-115.375,"Central Baja California"
"973",2012,163.648,28.375,-115.375,"Central Baja California"
"974",2013,26.9371,28.375,-115.375,"Central Baja California"
"975",2014,571.888,28.375,-115.375,"Central Baja California"
"976",2015,940.4316,28.375,-115.375,"Central Baja California"
"977",2016,274.0426,28.375,-115.375,"Central Baja California"
"978",2017,126.8171,28.375,-115.375,"Central Baja California"
"979",2018,208.9444,28.375,-115.375,"Central Baja California"
"980",2019,0,28.375,-115.375,"Central Baja California"
"981",2020,172.6841,28.375,-115.375,"Central Baja California"
"982",2021,39.7099,28.375,-115.375,"Central Baja California"
"983",2022,66.9737,28.375,-115.375,"Central Baja California"
"984",2023,146.4023,28.375,-115.375,"Central Baja California"
"985",1983,259.7228,28.375,-115.625,"Central Baja California"
"986",1984,124.599,28.375,-115.625,"Central Baja California"
"987",1985,0,28.375,-115.625,"Central Baja California"
"988",1986,0,28.375,-115.625,"Central Baja California"
"989",1987,8.17469999999999,28.375,-115.625,"Central Baja California"
"990",1988,15.5259,28.375,-115.625,"Central Baja California"
"991",1989,0,28.375,-115.625,"Central Baja California"
"992",1990,91.9651,28.375,-115.625,"Central Baja California"
"993",1991,0,28.375,-115.625,"Central Baja California"
"994",1992,402.9216,28.375,-115.625,"Central Baja California"
"995",1993,11.0475,28.375,-115.625,"Central Baja California"
"996",1994,34.0876,28.375,-115.625,"Central Baja California"
"997",1995,23.7513,28.375,-115.625,"Central Baja California"
"998",1996,17.0258,28.375,-115.625,"Central Baja California"
"999",1997,477.0563,28.375,-115.625,"Central Baja California"
"1000",1998,138.4192,28.375,-115.625,"Central Baja California"
"1001",1999,0,28.375,-115.625,"Central Baja California"
"1002",2000,18.612,28.375,-115.625,"Central Baja California"
"1003",2001,16.9353,28.375,-115.625,"Central Baja California"
"1004",2002,0,28.375,-115.625,"Central Baja California"
"1005",2003,0,28.375,-115.625,"Central Baja California"
"1006",2004,0,28.375,-115.625,"Central Baja California"
"1007",2005,0,28.375,-115.625,"Central Baja California"
"1008",2006,89.6403,28.375,-115.625,"Central Baja California"
"1009",2007,6.3485,28.375,-115.625,"Central Baja California"
"1010",2008,42.4606,28.375,-115.625,"Central Baja California"
"1011",2009,0,28.375,-115.625,"Central Baja California"
"1012",2010,21.232,28.375,-115.625,"Central Baja California"
"1013",2011,0,28.375,-115.625,"Central Baja California"
"1014",2012,152.0007,28.375,-115.625,"Central Baja California"
"1015",2013,29.1503,28.375,-115.625,"Central Baja California"
"1016",2014,547.4518,28.375,-115.625,"Central Baja California"
"1017",2015,922.0286,28.375,-115.625,"Central Baja California"
"1018",2016,256.9324,28.375,-115.625,"Central Baja California"
"1019",2017,120.6472,28.375,-115.625,"Central Baja California"
"1020",2018,219.8058,28.375,-115.625,"Central Baja California"
"1021",2019,9.80869999999999,28.375,-115.625,"Central Baja California"
"1022",2020,207.7786,28.375,-115.625,"Central Baja California"
"1023",2021,41.359,28.375,-115.625,"Central Baja California"
"1024",2022,81.6053,28.375,-115.625,"Central Baja California"
"1025",2023,162.5308,28.375,-115.625,"Central Baja California"
"1026",1983,315.7731,28.125,-115.125,"Central Baja California"
"1027",1984,104.443,28.125,-115.125,"Central Baja California"
"1028",1985,0,28.125,-115.125,"Central Baja California"
"1029",1986,0,28.125,-115.125,"Central Baja California"
"1030",1987,12.8769,28.125,-115.125,"Central Baja California"
"1031",1988,24.0362,28.125,-115.125,"Central Baja California"
"1032",1989,0,28.125,-115.125,"Central Baja California"
"1033",1990,45.355,28.125,-115.125,"Central Baja California"
"1034",1991,0,28.125,-115.125,"Central Baja California"
"1035",1992,399.5327,28.125,-115.125,"Central Baja California"
"1036",1993,14.046,28.125,-115.125,"Central Baja California"
"1037",1994,32.2532,28.125,-115.125,"Central Baja California"
"1038",1995,23.9628,28.125,-115.125,"Central Baja California"
"1039",1996,9.4253,28.125,-115.125,"Central Baja California"
"1040",1997,469.8868,28.125,-115.125,"Central Baja California"
"1041",1998,169.9886,28.125,-115.125,"Central Baja California"
"1042",1999,0,28.125,-115.125,"Central Baja California"
"1043",2000,21.4556,28.125,-115.125,"Central Baja California"
"1044",2001,29.9031,28.125,-115.125,"Central Baja California"
"1045",2002,0,28.125,-115.125,"Central Baja California"
"1046",2003,11.2681,28.125,-115.125,"Central Baja California"
"1047",2004,0,28.125,-115.125,"Central Baja California"
"1048",2005,7.59689999999999,28.125,-115.125,"Central Baja California"
"1049",2006,56.0658,28.125,-115.125,"Central Baja California"
"1050",2007,0,28.125,-115.125,"Central Baja California"
"1051",2008,68.7395,28.125,-115.125,"Central Baja California"
"1052",2009,0,28.125,-115.125,"Central Baja California"
"1053",2010,19.4828,28.125,-115.125,"Central Baja California"
"1054",2011,0,28.125,-115.125,"Central Baja California"
"1055",2012,218.0294,28.125,-115.125,"Central Baja California"
"1056",2013,26.7616,28.125,-115.125,"Central Baja California"
"1057",2014,607.3469,28.125,-115.125,"Central Baja California"
"1058",2015,946.7708,28.125,-115.125,"Central Baja California"
"1059",2016,305.0906,28.125,-115.125,"Central Baja California"
"1060",2017,165.1856,28.125,-115.125,"Central Baja California"
"1061",2018,177.1014,28.125,-115.125,"Central Baja California"
"1062",2019,6.8765,28.125,-115.125,"Central Baja California"
"1063",2020,137.4994,28.125,-115.125,"Central Baja California"
"1064",2021,34.603,28.125,-115.125,"Central Baja California"
"1065",2022,67.0065,28.125,-115.125,"Central Baja California"
"1066",2023,123.99,28.125,-115.125,"Central Baja California"
"1067",1983,285.441,28.125,-115.375,"Central Baja California"
"1068",1984,125.7282,28.125,-115.375,"Central Baja California"
"1069",1985,0,28.125,-115.375,"Central Baja California"
"1070",1986,7.4854,28.125,-115.375,"Central Baja California"
"1071",1987,11.8205,28.125,-115.375,"Central Baja California"
"1072",1988,15.1776,28.125,-115.375,"Central Baja California"
"1073",1989,0,28.125,-115.375,"Central Baja California"
"1074",1990,64.8389,28.125,-115.375,"Central Baja California"
"1075",1991,0,28.125,-115.375,"Central Baja California"
"1076",1992,388.6864,28.125,-115.375,"Central Baja California"
"1077",1993,13.2408,28.125,-115.375,"Central Baja California"
"1078",1994,31.3721,28.125,-115.375,"Central Baja California"
"1079",1995,23.4235,28.125,-115.375,"Central Baja California"
"1080",1996,11.7415,28.125,-115.375,"Central Baja California"
"1081",1997,489.1186,28.125,-115.375,"Central Baja California"
"1082",1998,168.0489,28.125,-115.375,"Central Baja California"
"1083",1999,0,28.125,-115.375,"Central Baja California"
"1084",2000,25.1218,28.125,-115.375,"Central Baja California"
"1085",2001,18.8495,28.125,-115.375,"Central Baja California"
"1086",2002,0,28.125,-115.375,"Central Baja California"
"1087",2003,11.3711,28.125,-115.375,"Central Baja California"
"1088",2004,0,28.125,-115.375,"Central Baja California"
"1089",2005,6.58479999999999,28.125,-115.375,"Central Baja California"
"1090",2006,76.2829,28.125,-115.375,"Central Baja California"
"1091",2007,0,28.125,-115.375,"Central Baja California"
"1092",2008,68.4761,28.125,-115.375,"Central Baja California"
"1093",2009,0,28.125,-115.375,"Central Baja California"
"1094",2010,21.9129,28.125,-115.375,"Central Baja California"
"1095",2011,0,28.125,-115.375,"Central Baja California"
"1096",2012,205.715,28.125,-115.375,"Central Baja California"
"1097",2013,29.3415,28.125,-115.375,"Central Baja California"
"1098",2014,596.7101,28.125,-115.375,"Central Baja California"
"1099",2015,932.1356,28.125,-115.375,"Central Baja California"
"1100",2016,286.8607,28.125,-115.375,"Central Baja California"
"1101",2017,153.3342,28.125,-115.375,"Central Baja California"
"1102",2018,196.8628,28.125,-115.375,"Central Baja California"
"1103",2019,0,28.125,-115.375,"Central Baja California"
"1104",2020,165.6938,28.125,-115.375,"Central Baja California"
"1105",2021,40.6665,28.125,-115.375,"Central Baja California"
"1106",2022,50.1338,28.125,-115.375,"Central Baja California"
"1107",2023,158.4146,28.125,-115.375,"Central Baja California"
"1108",1983,362.4728,27.875,-115.125,"Central Baja California"
"1109",1984,89.7221,27.875,-115.125,"Central Baja California"
"1110",1985,0,27.875,-115.125,"Central Baja California"
"1111",1986,0,27.875,-115.125,"Central Baja California"
"1112",1987,11.5267,27.875,-115.125,"Central Baja California"
"1113",1988,15.3989,27.875,-115.125,"Central Baja California"
"1114",1989,10.7269,27.875,-115.125,"Central Baja California"
"1115",1990,54.3036,27.875,-115.125,"Central Baja California"
"1116",1991,0,27.875,-115.125,"Central Baja California"
"1117",1992,394.9852,27.875,-115.125,"Central Baja California"
"1118",1993,13.7755,27.875,-115.125,"Central Baja California"
"1119",1994,32.4072,27.875,-115.125,"Central Baja California"
"1120",1995,24.8046,27.875,-115.125,"Central Baja California"
"1121",1996,10.2903,27.875,-115.125,"Central Baja California"
"1122",1997,501.6926,27.875,-115.125,"Central Baja California"
"1123",1998,199.9611,27.875,-115.125,"Central Baja California"
"1124",1999,0,27.875,-115.125,"Central Baja California"
"1125",2000,20.6913,27.875,-115.125,"Central Baja California"
"1126",2001,35.2298,27.875,-115.125,"Central Baja California"
"1127",2002,0,27.875,-115.125,"Central Baja California"
"1128",2003,14.2933,27.875,-115.125,"Central Baja California"
"1129",2004,0,27.875,-115.125,"Central Baja California"
"1130",2005,7.0109,27.875,-115.125,"Central Baja California"
"1131",2006,37.9167,27.875,-115.125,"Central Baja California"
"1132",2007,8.6253,27.875,-115.125,"Central Baja California"
"1133",2008,71.7314,27.875,-115.125,"Central Baja California"
"1134",2009,0,27.875,-115.125,"Central Baja California"
"1135",2010,22.9622,27.875,-115.125,"Central Baja California"
"1136",2011,0,27.875,-115.125,"Central Baja California"
"1137",2012,237.3084,27.875,-115.125,"Central Baja California"
"1138",2013,23.932,27.875,-115.125,"Central Baja California"
"1139",2014,595.6583,27.875,-115.125,"Central Baja California"
"1140",2015,908.2755,27.875,-115.125,"Central Baja California"
"1141",2016,334.4052,27.875,-115.125,"Central Baja California"
"1142",2017,141.9023,27.875,-115.125,"Central Baja California"
"1143",2018,140.8589,27.875,-115.125,"Central Baja California"
"1144",2019,19.8973,27.875,-115.125,"Central Baja California"
"1145",2020,126.4155,27.875,-115.125,"Central Baja California"
"1146",2021,38.6352,27.875,-115.125,"Central Baja California"
"1147",2022,44.6114,27.875,-115.125,"Central Baja California"
"1148",2023,147.1406,27.875,-115.125,"Central Baja California"
"1149",1983,460.6889,27.625,-114.875,"Central Baja California"
"1150",1984,53.5405,27.625,-114.875,"Central Baja California"
"1151",1985,0,27.625,-114.875,"Central Baja California"
"1152",1986,0,27.625,-114.875,"Central Baja California"
"1153",1987,9.073,27.625,-114.875,"Central Baja California"
"1154",1988,16.3583,27.625,-114.875,"Central Baja California"
"1155",1989,11.1514,27.625,-114.875,"Central Baja California"
"1156",1990,31.8543,27.625,-114.875,"Central Baja California"
"1157",1991,0,27.625,-114.875,"Central Baja California"
"1158",1992,411.5131,27.625,-114.875,"Central Baja California"
"1159",1993,15.608,27.625,-114.875,"Central Baja California"
"1160",1994,32.889,27.625,-114.875,"Central Baja California"
"1161",1995,25.1397,27.625,-114.875,"Central Baja California"
"1162",1996,8.8651,27.625,-114.875,"Central Baja California"
"1163",1997,520.3142,27.625,-114.875,"Central Baja California"
"1164",1998,226.623,27.625,-114.875,"Central Baja California"
"1165",1999,0,27.625,-114.875,"Central Baja California"
"1166",2000,14.1997,27.625,-114.875,"Central Baja California"
"1167",2001,38.7511,27.625,-114.875,"Central Baja California"
"1168",2002,0,27.625,-114.875,"Central Baja California"
"1169",2003,15.7306,27.625,-114.875,"Central Baja California"
"1170",2004,0,27.625,-114.875,"Central Baja California"
"1171",2005,8.8667,27.625,-114.875,"Central Baja California"
"1172",2006,65.17,27.625,-114.875,"Central Baja California"
"1173",2007,10.0741,27.625,-114.875,"Central Baja California"
"1174",2008,62.1716,27.625,-114.875,"Central Baja California"
"1175",2009,0,27.625,-114.875,"Central Baja California"
"1176",2010,12.2799,27.625,-114.875,"Central Baja California"
"1177",2011,0,27.625,-114.875,"Central Baja California"
"1178",2012,250.1857,27.625,-114.875,"Central Baja California"
"1179",2013,27.583,27.625,-114.875,"Central Baja California"
"1180",2014,601.806,27.625,-114.875,"Central Baja California"
"1181",2015,908.3479,27.625,-114.875,"Central Baja California"
"1182",2016,387.9785,27.625,-114.875,"Central Baja California"
"1183",2017,129.0918,27.625,-114.875,"Central Baja California"
"1184",2018,133.1049,27.625,-114.875,"Central Baja California"
"1185",2019,26.375,27.625,-114.875,"Central Baja California"
"1186",2020,96.4999,27.625,-114.875,"Central Baja California"
"1187",2021,51.1697,27.625,-114.875,"Central Baja California"
"1188",2022,26.1707,27.625,-114.875,"Central Baja California"
"1189",2023,156.1067,27.625,-114.875,"Central Baja California"
"1190",1983,442.257,27.625,-115.125,"Central Baja California"
"1191",1984,57.5632,27.625,-115.125,"Central Baja California"
"1192",1985,0,27.625,-115.125,"Central Baja California"
"1193",1986,0,27.625,-115.125,"Central Baja California"
"1194",1987,10.852,27.625,-115.125,"Central Baja California"
"1195",1988,16.0618,27.625,-115.125,"Central Baja California"
"1196",1989,12.9767,27.625,-115.125,"Central Baja California"
"1197",1990,38.9805,27.625,-115.125,"Central Baja California"
"1198",1991,0,27.625,-115.125,"Central Baja California"
"1199",1992,434.9951,27.625,-115.125,"Central Baja California"
"1200",1993,21.136,27.625,-115.125,"Central Baja California"
"1201",1994,36.4813,27.625,-115.125,"Central Baja California"
"1202",1995,24.4514,27.625,-115.125,"Central Baja California"
"1203",1996,11.6208,27.625,-115.125,"Central Baja California"
"1204",1997,513.2001,27.625,-115.125,"Central Baja California"
"1205",1998,231.577,27.625,-115.125,"Central Baja California"
"1206",1999,0,27.625,-115.125,"Central Baja California"
"1207",2000,17.0385,27.625,-115.125,"Central Baja California"
"1208",2001,36.1571,27.625,-115.125,"Central Baja California"
"1209",2002,0,27.625,-115.125,"Central Baja California"
"1210",2003,13.9577,27.625,-115.125,"Central Baja California"
"1211",2004,0,27.625,-115.125,"Central Baja California"
"1212",2005,6.9117,27.625,-115.125,"Central Baja California"
"1213",2006,54.8379,27.625,-115.125,"Central Baja California"
"1214",2007,11.1011,27.625,-115.125,"Central Baja California"
"1215",2008,65.3727,27.625,-115.125,"Central Baja California"
"1216",2009,0,27.625,-115.125,"Central Baja California"
"1217",2010,16.8687,27.625,-115.125,"Central Baja California"
"1218",2011,0,27.625,-115.125,"Central Baja California"
"1219",2012,243.8797,27.625,-115.125,"Central Baja California"
"1220",2013,26.2353,27.625,-115.125,"Central Baja California"
"1221",2014,584.8145,27.625,-115.125,"Central Baja California"
"1222",2015,929.7633,27.625,-115.125,"Central Baja California"
"1223",2016,370.3481,27.625,-115.125,"Central Baja California"
"1224",2017,143.2761,27.625,-115.125,"Central Baja California"
"1225",2018,119.6051,27.625,-115.125,"Central Baja California"
"1226",2019,24.5263,27.625,-115.125,"Central Baja California"
"1227",2020,128.2182,27.625,-115.125,"Central Baja California"
"1228",2021,55.1769,27.625,-115.125,"Central Baja California"
"1229",2022,17.4489,27.625,-115.125,"Central Baja California"
"1230",2023,167.9481,27.625,-115.125,"Central Baja California"
"1231",1983,406.4232,27.375,-114.625,"Central Baja California"
"1232",1984,20.2847,27.375,-114.625,"Central Baja California"
"1233",1985,14.2807,27.375,-114.625,"Central Baja California"
"1234",1986,0,27.375,-114.625,"Central Baja California"
"1235",1987,0,27.375,-114.625,"Central Baja California"
"1236",1988,28.9408,27.375,-114.625,"Central Baja California"
"1237",1989,22.6939,27.375,-114.625,"Central Baja California"
"1238",1990,66.7221,27.375,-114.625,"Central Baja California"
"1239",1991,0,27.375,-114.625,"Central Baja California"
"1240",1992,439.9324,27.375,-114.625,"Central Baja California"
"1241",1993,77.9783,27.375,-114.625,"Central Baja California"
"1242",1994,23.6482,27.375,-114.625,"Central Baja California"
"1243",1995,27.1997,27.375,-114.625,"Central Baja California"
"1244",1996,23.1019,27.375,-114.625,"Central Baja California"
"1245",1997,555.1302,27.375,-114.625,"Central Baja California"
"1246",1998,206.4226,27.375,-114.625,"Central Baja California"
"1247",1999,0,27.375,-114.625,"Central Baja California"
"1248",2000,14.5718,27.375,-114.625,"Central Baja California"
"1249",2001,40.8133,27.375,-114.625,"Central Baja California"
"1250",2002,0,27.375,-114.625,"Central Baja California"
"1251",2003,11.6284,27.375,-114.625,"Central Baja California"
"1252",2004,0,27.375,-114.625,"Central Baja California"
"1253",2005,0,27.375,-114.625,"Central Baja California"
"1254",2006,99.2083,27.375,-114.625,"Central Baja California"
"1255",2007,10.905,27.375,-114.625,"Central Baja California"
"1256",2008,137.4292,27.375,-114.625,"Central Baja California"
"1257",2009,8.9611,27.375,-114.625,"Central Baja California"
"1258",2010,13.5507,27.375,-114.625,"Central Baja California"
"1259",2011,0,27.375,-114.625,"Central Baja California"
"1260",2012,264.4825,27.375,-114.625,"Central Baja California"
"1261",2013,32.4749,27.375,-114.625,"Central Baja California"
"1262",2014,680.2321,27.375,-114.625,"Central Baja California"
"1263",2015,899.9353,27.375,-114.625,"Central Baja California"
"1264",2016,392.7912,27.375,-114.625,"Central Baja California"
"1265",2017,106.4891,27.375,-114.625,"Central Baja California"
"1266",2018,84.2186,27.375,-114.625,"Central Baja California"
"1267",2019,10.2681,27.375,-114.625,"Central Baja California"
"1268",2020,70.2383,27.375,-114.625,"Central Baja California"
"1269",2021,84.3658,27.375,-114.625,"Central Baja California"
"1270",2022,10.3266,27.375,-114.625,"Central Baja California"
"1271",2023,187.7495,27.375,-114.625,"Central Baja California"
"1272",1983,435.1611,27.125,-114.125,"Central Baja California"
"1273",1984,7.9569,27.125,-114.125,"Central Baja California"
"1274",1985,13.7989,27.125,-114.125,"Central Baja California"
"1275",1986,0,27.125,-114.125,"Central Baja California"
"1276",1987,0,27.125,-114.125,"Central Baja California"
"1277",1988,35.8598,27.125,-114.125,"Central Baja California"
"1278",1989,21.5288,27.125,-114.125,"Central Baja California"
"1279",1990,114.6715,27.125,-114.125,"Central Baja California"
"1280",1991,0,27.125,-114.125,"Central Baja California"
"1281",1992,467.6395,27.125,-114.125,"Central Baja California"
"1282",1993,100.1921,27.125,-114.125,"Central Baja California"
"1283",1994,0,27.125,-114.125,"Central Baja California"
"1284",1995,26.8615,27.125,-114.125,"Central Baja California"
"1285",1996,24.0075,27.125,-114.125,"Central Baja California"
"1286",1997,499.0668,27.125,-114.125,"Central Baja California"
"1287",1998,171.479,27.125,-114.125,"Central Baja California"
"1288",1999,0,27.125,-114.125,"Central Baja California"
"1289",2000,13.0536,27.125,-114.125,"Central Baja California"
"1290",2001,48.3821,27.125,-114.125,"Central Baja California"
"1291",2002,10.288,27.125,-114.125,"Central Baja California"
"1292",2003,14.7681,27.125,-114.125,"Central Baja California"
"1293",2004,0,27.125,-114.125,"Central Baja California"
"1294",2005,0,27.125,-114.125,"Central Baja California"
"1295",2006,83.8404,27.125,-114.125,"Central Baja California"
"1296",2007,10.1258,27.125,-114.125,"Central Baja California"
"1297",2008,164.628,27.125,-114.125,"Central Baja California"
"1298",2009,20.4932,27.125,-114.125,"Central Baja California"
"1299",2010,57.9348,27.125,-114.125,"Central Baja California"
"1300",2011,0,27.125,-114.125,"Central Baja California"
"1301",2012,250.5723,27.125,-114.125,"Central Baja California"
"1302",2013,31.0467,27.125,-114.125,"Central Baja California"
"1303",2014,704.1707,27.125,-114.125,"Central Baja California"
"1304",2015,898.5789,27.125,-114.125,"Central Baja California"
"1305",2016,362.6504,27.125,-114.125,"Central Baja California"
"1306",2017,52.2786,27.125,-114.125,"Central Baja California"
"1307",2018,54.1326,27.125,-114.125,"Central Baja California"
"1308",2019,8.8494,27.125,-114.125,"Central Baja California"
"1309",2020,59.2418,27.125,-114.125,"Central Baja California"
"1310",2021,84.685,27.125,-114.125,"Central Baja California"
"1311",2022,0,27.125,-114.125,"Central Baja California"
"1312",2023,138.1542,27.125,-114.125,"Central Baja California"
"1313",1983,442.2211,27.125,-114.375,"Central Baja California"
"1314",1984,8.0837,27.125,-114.375,"Central Baja California"
"1315",1985,15.5776,27.125,-114.375,"Central Baja California"
"1316",1986,0,27.125,-114.375,"Central Baja California"
"1317",1987,0,27.125,-114.375,"Central Baja California"
"1318",1988,36.2461,27.125,-114.375,"Central Baja California"
"1319",1989,21.6343,27.125,-114.375,"Central Baja California"
"1320",1990,86.9058,27.125,-114.375,"Central Baja California"
"1321",1991,0,27.125,-114.375,"Central Baja California"
"1322",1992,467.9442,27.125,-114.375,"Central Baja California"
"1323",1993,101.1727,27.125,-114.375,"Central Baja California"
"1324",1994,12.5611,27.125,-114.375,"Central Baja California"
"1325",1995,25.4112,27.125,-114.375,"Central Baja California"
"1326",1996,27.3477,27.125,-114.375,"Central Baja California"
"1327",1997,522.6446,27.125,-114.375,"Central Baja California"
"1328",1998,177.0283,27.125,-114.375,"Central Baja California"
"1329",1999,0,27.125,-114.375,"Central Baja California"
"1330",2000,14.0303,27.125,-114.375,"Central Baja California"
"1331",2001,44.0339,27.125,-114.375,"Central Baja California"
"1332",2002,0,27.125,-114.375,"Central Baja California"
"1333",2003,10.9785,27.125,-114.375,"Central Baja California"
"1334",2004,0,27.125,-114.375,"Central Baja California"
"1335",2005,0,27.125,-114.375,"Central Baja California"
"1336",2006,98.4773,27.125,-114.375,"Central Baja California"
"1337",2007,10.1264,27.125,-114.375,"Central Baja California"
"1338",2008,184.5489,27.125,-114.375,"Central Baja California"
"1339",2009,33.7595,27.125,-114.375,"Central Baja California"
"1340",2010,51.2368,27.125,-114.375,"Central Baja California"
"1341",2011,0,27.125,-114.375,"Central Baja California"
"1342",2012,249.7514,27.125,-114.375,"Central Baja California"
"1343",2013,31.1399,27.125,-114.375,"Central Baja California"
"1344",2014,730.7114,27.125,-114.375,"Central Baja California"
"1345",2015,915.8412,27.125,-114.375,"Central Baja California"
"1346",2016,361.2787,27.125,-114.375,"Central Baja California"
"1347",2017,63.847,27.125,-114.375,"Central Baja California"
"1348",2018,58.0892,27.125,-114.375,"Central Baja California"
"1349",2019,0,27.125,-114.375,"Central Baja California"
"1350",2020,65.1374,27.125,-114.375,"Central Baja California"
"1351",2021,92.7875,27.125,-114.375,"Central Baja California"
"1352",2022,0,27.125,-114.375,"Central Baja California"
"1353",2023,173.1341,27.125,-114.375,"Central Baja California"
