"","Year","Site","Sub_site","Transect","Latitude","Longitud","Density_Biomass","count"
"1",2023,"Isla_San_Jeronimo_Expuesto","Centre",1,29.793255,-115.800434,122.129629202873,18
"2",2023,"Isla_San_Jeronimo_Expuesto","Centre",2,29.793255,-115.800434,0,18
"3",2023,"Isla_San_Jeronimo_Expuesto","Centre",3,29.793255,-115.800434,0,18
"4",2023,"Isla_San_Jeronimo_Expuesto","Lobera",1,29.7803,-115.80246,123.569899587115,18
"5",2023,"Isla_San_Jeronimo_Expuesto","Lobera",2,29.7803,-115.80246,220.23910922949,18
"6",2023,"Isla_San_Jeronimo_Expuesto","Lobera",3,29.7803,-115.80246,131.228121627144,18
"7",2022,"Isla_Asuncion","Norte",1,27.109644,-114.290611,78.8670121219057,12
"8",2022,"Isla_Asuncion","Norte",3,27.109644,-114.290611,176.435434631475,12
"9",2022,"Isla_Asuncion","Norte",2,27.109644,-114.290611,17.8021975204692,12
"10",2022,"Punta_San_Roque","Norte",1,27.174471,-114.434133,52.883851033323,12
"11",2022,"Punta_San_Roque","Norte",2,27.174471,-114.434133,35.0816535128538,12
"12",2022,"Punta_San_Roque","Norte",3,27.174471,-114.434133,17.8021975204692,12
"13",2022,"Emancipacion_El_Cardon","Norte",1,27.485054,-114.628429,17.8021975204692,12
"14",2022,"Emancipacion_El_Cardon","Norte",2,27.485054,-114.628429,78.8670121219057,12
"15",2022,"Emancipacion_El_Cardon","Norte",3,27.485054,-114.628429,61.0648146014365,12
"16",2022,"Emancipacion_Puerto_Escondido","Norte",2,27.54746,-114.76027,105.767702066646,6
"17",2022,"Emancipacion_Puerto_Escondido","Norte",1,27.54746,-114.76027,0,6
"18",2022,"Emancipacion_Puerto_Escondido","Norte",3,27.54746,-114.76027,17.8021975204692,6
"19",2022,"Isla_Natividad_La_Vela","Norte",1,27.84756,-115.187021,0,12
"20",2022,"Isla_Natividad_La_Vela","Norte",2,27.84756,-115.187021,693.185273560902,12
"21",2022,"Isla_Natividad_La_Vela","Norte",3,27.84756,-115.187021,113.94866563476,12
"22",2022,"Isla_Natividad_El_Tibo","Norte",1,27.887471,-115.221059,35.6043950409384,12
"23",2022,"Isla_Natividad_El_Tibo","Norte",2,27.887471,-115.221059,17.8021975204692,12
"24",2022,"Isla_Natividad_El_Tibo","Norte",3,27.887471,-115.221059,17.8021975204692,12
"25",2022,"Bahia_Tortugas_Clambei","Norte",2,27.631947,-114.867435,324.943012251004,9
"26",2022,"Bahia_Tortugas_Clambei","Norte",1,27.631947,-114.867435,0,9
"27",2022,"Bahia_Tortugas_Clambei","Norte",3,27.631947,-114.867435,132.650076022424,9
"28",2022,"Bahia_Tortugas_Sargazera","Norte",1,27.677767,-114.938963,52.883851033323,6
"29",2022,"Bahia_Tortugas_Sargazera","Norte",2,27.677767,-114.938963,124.0926411152,6
"30",2022,"Bahia_Tortugas_Sargazera","Norte",3,27.677767,-114.938963,17.8021975204692,6
"31",2022,"Bahia_Tortugas_Rompiente","Norte",1,27.712045,-115.001321,17.8021975204692,6
"32",2022,"Bahia_Tortugas_Rompiente","Norte",2,27.712045,-115.001321,0,6
"33",2022,"Bahia_Tortugas_Rompiente","Norte",3,27.712045,-115.001321,0,6
"34",2022,"Punta_Eugenia_Las_Boyas","Norte",1,27.843792,-115.084377,17.8021975204692,12
"35",2022,"Punta_Eugenia_Las_Boyas","Norte",3,27.843792,-115.084377,0,12
"36",2022,"Punta_Eugenia_Las_Boyas","Norte",2,27.843792,-115.084377,0,12
"37",2022,"Punta_Eugenia_El_Reventon","Norte",1,27.874902,-115.061791,447.072641453877,12
"38",2022,"Punta_Eugenia_El_Reventon","Norte",2,27.874902,-115.061791,212.039829672414,12
"39",2022,"Punta_Eugenia_El_Reventon","Norte",3,27.874902,-115.061791,139.931826723342,12
"40",2022,"Isla_Cedros_La_Botella","Norte",1,28.026608,-115.233751,71.2087900818768,12
"41",2022,"Isla_Cedros_La_Botella","Norte",2,28.026608,-115.233751,35.6043950409384,12
"42",2022,"Isla_Cedros_La_Botella","Norte",3,28.026608,-115.233751,124.615382643284,12
"43",2022,"Isla_Cedros_Cabo_San_Agustin","Norte",1,28.077758,-115.362006,113.94866563476,12
"44",2022,"Isla_Cedros_Cabo_San_Agustin","Norte",2,28.077758,-115.362006,17.8021975204692,12
"45",2022,"Isla_Cedros_Cabo_San_Agustin","Norte",3,28.077758,-115.362006,0,12
"46",2022,"Isla_Cedros_Puerto_Escondido","Norte",1,28.29133,-115.26613,17.8021975204692,12
"47",2022,"Isla_Cedros_Puerto_Escondido","Norte",2,28.29133,-115.26613,17.8021975204692,12
"48",2022,"Isla_Cedros_Puerto_Escondido","Norte",3,28.29133,-115.26613,149.030319147613,12
"49",2022,"Isla_Cedros_Punta_Norte","Norte",1,28.377246,-115.212234,0,12
"50",2022,"Isla_Cedros_Punta_Norte","Norte",2,28.377246,-115.212234,0,12
"51",2022,"Isla_Cedros_Punta_Norte","Norte",3,28.377246,-115.212234,115.370620030039,12
"52",2022,"Islas_San_Benito_El_Creston","Norte",1,28.296111,-115.580035,78.8670121219057,12
"53",2022,"Islas_San_Benito_El_Creston","Norte",2,28.296111,-115.580035,300.904547085786,12
"54",2022,"Islas_San_Benito_El_Creston","Norte",3,28.296111,-115.580035,0,12
"55",2022,"Islas_San_Benito_Los_Huevos","Norte",1,28.302868,-115.551165,35.6043950409384,6
"56",2022,"Islas_San_Benito_Los_Huevos","Norte",3,28.302868,-115.551165,17.8021975204692,6
"57",2022,"Islas_San_Benito_Los_Huevos","Norte",2,28.302868,-115.551165,0,6
"58",2022,"Islas_San_Benito_El_Tecapan","Norte",1,28.316229,-115.604471,0,9
"59",2022,"Islas_San_Benito_El_Tecapan","Norte",3,28.316229,-115.604471,158.128811571885,9
"60",2022,"Islas_San_Benito_El_Tecapan","Norte",2,28.316229,-115.604471,0,9
"61",2022,"Isla_San_Jeronimo_Expuesto","Norte",1,29.796533,-115.7965,52.883851033323,18
"62",2022,"Isla_San_Jeronimo_Expuesto","Norte",2,29.796533,-115.7965,61.0648146014365,18
"63",2022,"Isla_San_Jeronimo_Expuesto","Norte",3,29.796533,-115.7965,89.010987602346,18
"64",2022,"El_Rosario_Picacho","Norte",2,29.89152,-115.77549,0,12
"65",2022,"El_Rosario_Picacho","Norte",1,29.89152,-115.77549,17.8021975204692,12
"66",2022,"El_Rosario_Picacho","Norte",3,29.89152,-115.77549,17.8021975204692,12
"67",2022,"El_Rosario_Lazaro","Norte",1,29.90381,-115.77609,282.221452687084,12
"68",2022,"El_Rosario_Lazaro","Norte",2,29.90381,-115.77609,158.651553099969,12
"69",2022,"El_Rosario_Lazaro","Norte",3,29.90381,-115.77609,53.4065925614076,12
"70",2022,"Isla_San_Martin_Expuesto","Norte",1,30.484633,-116.125933,0,12
"71",2022,"Isla_San_Martin_Expuesto","Norte",2,30.484633,-116.125933,0,12
"72",2022,"Isla_San_Martin_Expuesto","Norte",3,30.484633,-116.125933,0,12
"73",2022,"Isla_San_Martin_Protegido","Norte",2,30.4795,-116.106783,0,12
"74",2022,"Isla_San_Martin_Protegido","Norte",3,30.4795,-116.106783,0,12
"75",2022,"Isla_San_Martin_Protegido","Norte",1,30.4795,-116.106783,0,12
"76",2022,"Punta_Colonet","Norte",1,30.878366,-116.21345,0,6
"77",2022,"Punta_Colonet","Norte",2,30.878366,-116.21345,0,6
"78",2022,"Punta_Colonet","Norte",3,30.878366,-116.21345,0,6
"79",2022,"Erendira","Norte",1,31.28125,-116.4037,0,6
"80",2022,"Erendira","Norte",2,31.28125,-116.4037,0,6
"81",2022,"Erendira","Norte",3,31.28125,-116.4037,0,6
"82",2022,"La_Bocana","Norte",3,31.527276,-116.665914,0,12
"83",2022,"La_Bocana","Norte",2,31.527276,-116.665914,0,12
"84",2022,"La_Bocana","Norte",1,31.527276,-116.665914,0,12
"85",2022,"El_Retiro","Norte",2,31.60445,-116.6729,0,12
"86",2022,"El_Retiro","Norte",1,31.60445,-116.6729,0,12
"87",2022,"El_Retiro","Norte",3,31.60445,-116.6729,17.8021975204692,12
"88",2022,"Isla_Todos_Santos_Expuesto","Norte",3,31.801562,-116.799888,0,12
"89",2022,"Isla_Todos_Santos_Expuesto","Norte",2,31.801562,-116.799888,0,12
"90",2022,"Isla_Todos_Santos_Expuesto","Norte",1,31.801562,-116.799888,0,12
"91",2022,"Isla_Todos_Santos_Protegido","Norte",2,31.814561,-116.801723,0,12
"92",2022,"Isla_Todos_Santos_Protegido","Norte",3,31.814561,-116.801723,0,12
"93",2022,"Isla_Todos_Santos_Protegido","Norte",1,31.814561,-116.801723,0,12
"94",2022,"Campo_Lopez","Norte",1,32.157503,-116.911891,0,12
"95",2022,"Campo_Lopez","Norte",2,32.157503,-116.911891,0,12
"96",2022,"Campo_Lopez","Norte",3,32.157503,-116.911891,0,12
"97",2022,"Baja_Mar","Norte",2,32.01655,-116.882683,0,12
"98",2022,"Baja_Mar","Norte",3,32.01655,-116.882683,0,12
"99",2022,"Baja_Mar","Norte",1,32.01655,-116.882683,17.8021975204692,12
"100",2022,"Sal_Si_Puedes","Norte",2,31.982554,-116.842422,70.1633070257077,12
"101",2022,"Sal_Si_Puedes","Norte",1,31.982554,-116.842422,35.6043950409384,12
"102",2022,"Sal_Si_Puedes","Norte",3,31.982554,-116.842422,142.417580163754,12
"103",2022,"San_Miguel","Norte",1,31.910329,-116.757774,0,12
"104",2022,"San_Miguel","Norte",2,31.910329,-116.757774,0,12
"105",2022,"San_Miguel","Norte",3,31.910329,-116.757774,0,12
"106",2022,"Punta_Banda","Norte",1,31.740777,-116.742875,0,12
"107",2022,"Punta_Banda","Norte",3,31.740777,-116.742875,0,12
"108",2022,"Punta_Banda","Norte",2,31.740777,-116.742875,0,12
"109",2022,"Bajo_Coronado","Norte",1,32.374836,-117.22463,0,12
"110",2022,"Bajo_Coronado","Norte",2,32.374836,-117.22463,0,12
"111",2022,"Bajo_Coronado","Norte",3,32.374836,-117.22463,0,12
"112",2023,"Sal_Si_Puedes","Norte",1,31.98263,-116.84202,0,12
"113",2023,"Sal_Si_Puedes","Norte",2,31.98263,-116.84202,17.8021975204692,12
"114",2023,"Sal_Si_Puedes","Norte",3,31.98263,-116.84202,17.8021975204692,12
"115",2023,"San_Miguel","Norte",1,31.91054,-116.75733,0,12
"116",2023,"San_Miguel","Norte",2,31.91054,-116.75733,0,12
"117",2023,"San_Miguel","Norte",3,31.91054,-116.75733,0,12
"118",2023,"Campo_Lopez","Norte",1,32.157503,-116.911891,17.8021975204692,12
"119",2023,"Campo_Lopez","Norte",2,32.157503,-116.911891,0,12
"120",2023,"Campo_Lopez","Norte",3,32.157503,-116.911891,17.8021975204692,12
"121",2023,"Baja_Mar","Norte",1,32.01655,-116.882683,0,12
"122",2023,"Baja_Mar","Norte",2,32.01655,-116.882683,17.8021975204692,12
"123",2023,"Baja_Mar","Norte",3,32.01655,-116.882683,0,12
"124",2023,"Punta_San_Roque","Norte",1,27.174471,-114.434133,17.8021975204692,12
"125",2023,"Punta_San_Roque","Norte",2,27.174471,-114.434133,71.2087900818768,12
"126",2023,"Punta_San_Roque","Norte",3,27.174471,-114.434133,70.6860485537922,12
"127",2023,"Emancipacion_El_Cardon","Norte",1,27.485054,-114.628429,35.0816535128538,12
"128",2023,"Emancipacion_El_Cardon","Norte",2,27.485054,-114.628429,17.8021975204692,12
"129",2023,"Emancipacion_El_Cardon","Norte",3,27.485054,-114.628429,0,12
"130",2023,"Isla_Natividad_La_Vela","Norte",1,27.84756,-115.187021,648.087598767619,12
"131",2023,"Isla_Natividad_La_Vela","Norte",2,27.84756,-115.187021,70.1633070257077,12
"132",2023,"Isla_Natividad_La_Vela","Norte",3,27.84756,-115.187021,253.880492358102,12
"133",2023,"Isla_Natividad_El_Tibo","Norte",1,27.887471,-115.221059,150.975015070977,12
"134",2023,"Isla_Natividad_El_Tibo","Norte",2,27.887471,-115.221059,106.813185122815,12
"135",2023,"Isla_Natividad_El_Tibo","Norte",3,27.887471,-115.221059,35.6043950409384,12
"136",2023,"Isla_Cedros_Punta_Norte","Norte",1,28.37712,-115.21226,35.0816535128538,12
"137",2023,"Isla_Cedros_Punta_Norte","Norte",2,28.37712,-115.21226,149.030319147613,12
"138",2023,"Isla_Cedros_Punta_Norte","Norte",3,28.37712,-115.21226,35.6043950409384,12
"139",2023,"Isla_Cedros_Puerto_Escondido","Norte",1,28.29185,-115.2641,70.6860485537922,12
"140",2023,"Isla_Cedros_Puerto_Escondido","Norte",2,28.29185,-115.2641,88.4882460742614,12
"141",2023,"Isla_Cedros_Puerto_Escondido","Norte",3,28.29185,-115.2641,71.2087900818768,12
"142",2023,"Islas_San_Benito_El_Creston","Norte",1,28.29614,-115.57967,35.6043950409384,12
"143",2023,"Islas_San_Benito_El_Creston","Norte",2,28.29614,-115.57967,61.0648146014365,12
"144",2023,"Islas_San_Benito_El_Creston","Norte",3,28.29614,-115.57967,78.8670121219057,12
"145",2023,"Islas_San_Benito_El_Tecapan","Norte",1,28.316229,-115.604471,61.0648146014365,9
"146",2023,"Islas_San_Benito_El_Tecapan","Norte",2,28.316229,-115.604471,113.94866563476,9
"147",2023,"Islas_San_Benito_El_Tecapan","Norte",3,28.316229,-115.604471,52.883851033323,9
"148",2023,"Isla_Cedros_Cabo_San_Agustin","Norte",1,28.077758,-115.362006,547.145133392821,12
"149",2023,"Isla_Cedros_Cabo_San_Agustin","Norte",2,28.077758,-115.362006,236.99582369379,12
"150",2023,"Isla_Cedros_Cabo_San_Agustin","Norte",3,28.077758,-115.362006,149.030319147613,12
"151",2023,"Isla_Cedros_La_Botella","Norte",1,28.026608,-115.233751,183.19444380431,12
"152",2023,"Isla_Cedros_La_Botella","Norte",2,28.026608,-115.233751,221.138322096685,12
"153",2023,"Isla_Cedros_La_Botella","Norte",3,28.026608,-115.233751,150.075802203783,12
"154",2023,"Punta_Eugenia_Las_Boyas","Norte",1,27.843792,-115.084377,71.2087900818768,12
"155",2023,"Punta_Eugenia_Las_Boyas","Norte",2,27.843792,-115.084377,88.4882460742614,12
"156",2023,"Punta_Eugenia_Las_Boyas","Norte",3,27.843792,-115.084377,0,12
"157",2023,"Punta_Eugenia_El_Reventon","Norte",1,27.874902,-115.061791,71.2087900818768,12
"158",2023,"Punta_Eugenia_El_Reventon","Norte",2,27.874902,-115.061791,194.237632151945,12
"159",2023,"Punta_Eugenia_El_Reventon","Norte",3,27.874902,-115.061791,369.773853916225,12
"160",2023,"Isla_Asuncion","Norte",1,27.109644,-114.290611,0,12
"161",2023,"Isla_Asuncion","Norte",2,27.109644,-114.290611,35.6043950409384,12
"162",2023,"Isla_Asuncion","Norte",3,27.109644,-114.290611,0,12
"163",2023,"Isla_Todos_Santos_Expuesto","Norte",1,31.801562,-116.799888,0,12
"164",2023,"Isla_Todos_Santos_Expuesto","Norte",2,31.801562,-116.799888,0,12
"165",2023,"Isla_Todos_Santos_Expuesto","Norte",3,31.801562,-116.799888,0,12
"166",2023,"Isla_Todos_Santos_Protegido","Norte",1,31.814561,-116.801723,0,12
"167",2023,"Isla_Todos_Santos_Protegido","Norte",2,31.814561,-116.801723,0,12
"168",2023,"Isla_Todos_Santos_Protegido","Norte",3,31.814561,-116.801723,0,12
"169",2023,"Punta_Banda","Norte",1,31.740777,-116.742875,0,12
"170",2023,"Punta_Banda","Norte",2,31.740777,-116.742875,0,12
"171",2023,"Punta_Banda","Norte",3,31.740777,-116.742875,0,12
"172",2023,"Isla_San_Martin_Protegido","Norte",1,30.4795,-116.106783,0,12
"173",2023,"Isla_San_Martin_Protegido","Norte",2,30.4795,-116.106783,0,12
"174",2023,"Isla_San_Martin_Protegido","Norte",3,30.4795,-116.106783,0,12
"175",2023,"Isla_San_Martin_Expuesto","Norte",1,30.484633,-116.125933,0,12
"176",2023,"Isla_San_Martin_Expuesto","Norte",2,30.484633,-116.125933,0,12
"177",2023,"Isla_San_Martin_Expuesto","Norte",3,30.484633,-116.125933,0,12
"178",2023,"Isla_San_Jeronimo_Expuesto","Norte",1,29.796533,-115.7965,0,18
"179",2023,"Isla_San_Jeronimo_Expuesto","Norte",2,29.796533,-115.7965,52.883851033323,18
"180",2023,"Isla_San_Jeronimo_Expuesto","Norte",3,29.796533,-115.7965,123.047158059031,18
"181",2023,"Arrecife_Sacramento","Norte",1,29.72947,-115.772117,35.6043950409384,6
"182",2023,"Arrecife_Sacramento","Norte",2,29.72947,-115.772117,0,6
"183",2023,"Arrecife_Sacramento","Norte",3,29.72947,-115.772117,0,6
"184",2023,"El_Rosario_Picacho","Norte",1,29.89152,-115.77549,227.897331269519,12
"185",2023,"El_Rosario_Picacho","Norte",2,29.89152,-115.77549,202.436911709021,12
"186",2023,"El_Rosario_Picacho","Norte",3,29.89152,-115.77549,317.284790210975,12
"187",2023,"El_Rosario_Lazaro","Norte",1,29.90381,-115.77609,210.09513374905,12
"188",2023,"El_Rosario_Lazaro","Norte",2,29.90381,-115.77609,211.140616805219,12
"189",2023,"El_Rosario_Lazaro","Norte",3,29.90381,-115.77609,113.94866563476,12
"190",2023,"La_Bocana","Norte",1,31.527276,-116.665914,0,12
"191",2023,"La_Bocana","Norte",2,31.527276,-116.665914,0,12
"192",2023,"La_Bocana","Norte",3,31.527276,-116.665914,0,12
"193",2023,"El_Retiro","Norte",1,31.60445,-116.6729,0,12
"194",2023,"El_Retiro","Norte",2,31.60445,-116.6729,17.8021975204692,12
"195",2023,"El_Retiro","Norte",3,31.60445,-116.6729,0,12
"196",2023,"Bajo_Coronado","Norte",1,32.374836,-117.22463,0,12
"197",2023,"Bajo_Coronado","Norte",2,32.374836,-117.22463,0,12
"198",2023,"Bajo_Coronado","Norte",3,32.374836,-117.22463,0,12
"199",2022,"Isla_Asuncion","Sur",3,27.105012,-114.289319,0,12
"200",2022,"Isla_Asuncion","Sur",1,27.105012,-114.289319,0,12
"201",2022,"Isla_Asuncion","Sur",2,27.105012,-114.289319,0,12
"202",2022,"Punta_San_Roque","Sur",1,27.172032,-114.430082,35.6043950409384,12
"203",2022,"Punta_San_Roque","Sur",2,27.172032,-114.430082,0,12
"204",2022,"Punta_San_Roque","Sur",3,27.172032,-114.430082,35.6043950409384,12
"205",2022,"Emancipacion_El_Cardon","Sur",2,27.484629,-114.625324,35.0816535128538,12
"206",2022,"Emancipacion_El_Cardon","Sur",1,27.484629,-114.625324,35.0816535128538,12
"207",2022,"Emancipacion_El_Cardon","Sur",3,27.484629,-114.625324,0,12
"208",2022,"Emancipacion_Puerto_Escondido","Sur",3,27.544195,-114.756217,123.569899587115,6
"209",2022,"Emancipacion_Puerto_Escondido","Sur",1,27.544195,-114.756217,124.615382643284,6
"210",2022,"Emancipacion_Puerto_Escondido","Sur",2,27.544195,-114.756217,211.535404133292,6
"211",2022,"Isla_Natividad_La_Vela","Sur",2,27.84298,-115.187048,491.143149179954,12
"212",2022,"Isla_Natividad_La_Vela","Sur",3,27.84298,-115.187048,561.306456205661,12
"213",2022,"Isla_Natividad_La_Vela","Sur",1,27.84298,-115.187048,160.219777684223,12
"214",2022,"Isla_Natividad_El_Tibo","Sur",1,27.88326,-115.215906,0,12
"215",2022,"Isla_Natividad_El_Tibo","Sur",2,27.88326,-115.215906,105.244960538562,12
"216",2022,"Isla_Natividad_El_Tibo","Sur",3,27.88326,-115.215906,0,12
"217",2022,"Bahia_Tortugas_Clambei","Sur",3,27.625737,-114.863255,89.010987602346,9
"218",2022,"Bahia_Tortugas_Clambei","Sur",2,27.625737,-114.863255,53.4065925614076,9
"219",2022,"Bahia_Tortugas_Clambei","Sur",1,27.625737,-114.863255,105.244960538562,9
"220",2022,"Bahia_Tortugas_Sargazera","Sur",1,27.673957,-114.933047,53.4065925614076,6
"221",2022,"Bahia_Tortugas_Sargazera","Sur",2,27.673957,-114.933047,89.010987602346,6
"222",2022,"Bahia_Tortugas_Sargazera","Sur",3,27.673957,-114.933047,70.1633070257077,6
"223",2022,"Bahia_Tortugas_Rompiente","Sur",1,27.710006,-114.996829,0,6
"224",2022,"Bahia_Tortugas_Rompiente","Sur",2,27.710006,-114.996829,0,6
"225",2022,"Bahia_Tortugas_Rompiente","Sur",3,27.710006,-114.996829,0,6
"226",2022,"Punta_Eugenia_Las_Boyas","Sur",1,27.84058,-115.080928,0,12
"227",2022,"Punta_Eugenia_Las_Boyas","Sur",3,27.84058,-115.080928,158.128811571885,12
"228",2022,"Punta_Eugenia_Las_Boyas","Sur",2,27.84058,-115.080928,70.1633070257077,12
"229",2022,"Punta_Eugenia_El_Reventon","Sur",1,27.87437,-115.05815,0,12
"230",2022,"Punta_Eugenia_El_Reventon","Sur",2,27.87437,-115.05815,0,12
"231",2022,"Punta_Eugenia_El_Reventon","Sur",3,27.87437,-115.05815,0,12
"232",2022,"Isla_Cedros_La_Botella","Sur",2,28.026212,-115.228598,0,12
"233",2022,"Isla_Cedros_La_Botella","Sur",1,28.026212,-115.228598,0,12
"234",2022,"Isla_Cedros_La_Botella","Sur",3,28.026212,-115.228598,0,12
"235",2022,"Isla_Cedros_Cabo_San_Agustin","Sur",1,28.074658,-115.35798,35.6043950409384,12
"236",2022,"Isla_Cedros_Cabo_San_Agustin","Sur",2,28.074658,-115.35798,35.0816535128538,12
"237",2022,"Isla_Cedros_Cabo_San_Agustin","Sur",3,28.074658,-115.35798,35.6043950409384,12
"238",2022,"Isla_Cedros_Puerto_Escondido","Sur",2,28.287514,-115.260398,0,12
"239",2022,"Isla_Cedros_Puerto_Escondido","Sur",3,28.287514,-115.260398,0,12
"240",2022,"Isla_Cedros_Puerto_Escondido","Sur",1,28.287514,-115.260398,0,12
"241",2022,"Isla_Cedros_Punta_Norte","Sur",1,28.374137,-115.209387,17.8021975204692,12
"242",2022,"Isla_Cedros_Punta_Norte","Sur",2,28.374137,-115.209387,0,12
"243",2022,"Isla_Cedros_Punta_Norte","Sur",3,28.374137,-115.209387,0,12
"244",2022,"Islas_San_Benito_El_Creston","Sur",2,28.297407,-115.576455,0,12
"245",2022,"Islas_San_Benito_El_Creston","Sur",1,28.297407,-115.576455,0,12
"246",2022,"Islas_San_Benito_El_Creston","Sur",3,28.297407,-115.576455,0,12
"247",2022,"Islas_San_Benito_Los_Huevos","Sur",3,28.297798,-115.550247,35.0816535128538,6
"248",2022,"Islas_San_Benito_Los_Huevos","Sur",1,28.297798,-115.550247,0,6
"249",2022,"Islas_San_Benito_Los_Huevos","Sur",2,28.297798,-115.550247,0,6
"250",2022,"Islas_San_Benito_El_Tecapan","Sur",1,28.311911,-115.607858,0,9
"251",2022,"Islas_San_Benito_El_Tecapan","Sur",2,28.311911,-115.607858,0,9
"252",2022,"Islas_San_Benito_El_Tecapan","Sur",3,28.311911,-115.607858,0,9
"253",2022,"Isla_San_Jeronimo_Expuesto","Sur",1,29.7902,-115.800333,35.0816535128538,18
"254",2022,"Isla_San_Jeronimo_Expuesto","Sur",2,29.7902,-115.800333,0,18
"255",2022,"Isla_San_Jeronimo_Expuesto","Sur",3,29.7902,-115.800333,0,18
"256",2022,"El_Rosario_Picacho","Sur",1,29.888686,-115.774929,0,12
"257",2022,"El_Rosario_Picacho","Sur",2,29.888686,-115.774929,17.8021975204692,12
"258",2022,"El_Rosario_Picacho","Sur",3,29.888686,-115.774929,0,12
"259",2022,"El_Rosario_Lazaro","Sur",1,29.90496,-115.7718,0,12
"260",2022,"El_Rosario_Lazaro","Sur",2,29.90496,-115.7718,0,12
"261",2022,"El_Rosario_Lazaro","Sur",3,29.90496,-115.7718,0,12
"262",2022,"Isla_San_Martin_Expuesto","Sur",1,30.479743,-116.115237,0,12
"263",2022,"Isla_San_Martin_Expuesto","Sur",2,30.479743,-116.115237,0,12
"264",2022,"Isla_San_Martin_Expuesto","Sur",3,30.479743,-116.115237,0,12
"265",2022,"Isla_San_Martin_Protegido","Sur",1,30.483533,-116.100067,0,12
"266",2022,"Isla_San_Martin_Protegido","Sur",3,30.483533,-116.100067,0,12
"267",2022,"Isla_San_Martin_Protegido","Sur",2,30.483533,-116.100067,0,12
"268",2022,"Punta_Colonet","Sur",1,30.872505,-116.212926,0,6
"269",2022,"Punta_Colonet","Sur",3,30.872505,-116.212926,0,6
"270",2022,"Punta_Colonet","Sur",2,30.872505,-116.212926,0,6
"271",2022,"Erendira","Sur",2,31.27503,-116.402528,0,6
"272",2022,"Erendira","Sur",3,31.27503,-116.402528,0,6
"273",2022,"Erendira","Sur",1,31.27503,-116.402528,0,6
"274",2022,"La_Bocana","Sur",1,31.522661,-116.662822,0,12
"275",2022,"La_Bocana","Sur",2,31.522661,-116.662822,0,12
"276",2022,"La_Bocana","Sur",3,31.522661,-116.662822,0,12
"277",2022,"El_Retiro","Sur",2,31.597467,-116.665033,0,12
"278",2022,"El_Retiro","Sur",3,31.597467,-116.665033,0,12
"279",2022,"El_Retiro","Sur",1,31.597467,-116.665033,0,12
"280",2022,"Isla_Todos_Santos_Expuesto","Sur",3,31.800083,-116.796467,0,12
"281",2022,"Isla_Todos_Santos_Expuesto","Sur",1,31.800083,-116.796467,0,12
"282",2022,"Isla_Todos_Santos_Expuesto","Sur",2,31.800083,-116.796467,0,12
"283",2022,"Isla_Todos_Santos_Protegido","Sur",3,31.810967,-116.799483,0,12
"284",2022,"Isla_Todos_Santos_Protegido","Sur",1,31.810967,-116.799483,0,12
"285",2022,"Isla_Todos_Santos_Protegido","Sur",2,31.810967,-116.799483,0,12
"286",2022,"Campo_Lopez","Sur",1,32.154178,-116.911088,0,12
"287",2022,"Campo_Lopez","Sur",2,32.154178,-116.911088,0,12
"288",2022,"Campo_Lopez","Sur",3,32.154178,-116.911088,0,12
"289",2022,"Baja_Mar","Sur",2,32.007817,-116.875617,0,12
"290",2022,"Baja_Mar","Sur",1,32.007817,-116.875617,17.8021975204692,12
"291",2022,"Baja_Mar","Sur",3,32.007817,-116.875617,0,12
"292",2022,"Sal_Si_Puedes","Sur",1,31.976803,-116.833583,0,12
"293",2022,"Sal_Si_Puedes","Sur",2,31.976803,-116.833583,0,12
"294",2022,"Sal_Si_Puedes","Sur",3,31.976803,-116.833583,0,12
"295",2022,"San_Miguel","Sur",1,31.906118,-116.753355,0,12
"296",2022,"San_Miguel","Sur",3,31.906118,-116.753355,0,12
"297",2022,"San_Miguel","Sur",2,31.906118,-116.753355,0,12
"298",2022,"Punta_Banda","Sur",2,31.7366,-116.736605,17.8021975204692,12
"299",2022,"Punta_Banda","Sur",3,31.7366,-116.736605,0,12
"300",2022,"Punta_Banda","Sur",1,31.7366,-116.736605,0,12
"301",2022,"Bajo_Coronado","Sur",2,32.367121,-117.223072,0,12
"302",2022,"Bajo_Coronado","Sur",3,32.367121,-117.223072,0,12
"303",2022,"Bajo_Coronado","Sur",1,32.367121,-117.223072,0,12
"304",2023,"Isla_Todos_Santos_Expuesto","Sur",1,31.800083,-116.796467,0,12
"305",2023,"Isla_Todos_Santos_Expuesto","Sur",2,31.800083,-116.796467,0,12
"306",2023,"Isla_Todos_Santos_Expuesto","Sur",3,31.800083,-116.796467,0,12
"307",2023,"Bajo_Coronado","Sur",1,32.367121,-117.223072,0,12
"308",2023,"Bajo_Coronado","Sur",2,32.367121,-117.223072,0,12
"309",2023,"Bajo_Coronado","Sur",3,32.367121,-117.223072,0,12
"310",2023,"Isla_Asuncion","Sur",1,27.105012,-114.289319,35.0816535128538,12
"311",2023,"Isla_Asuncion","Sur",2,27.105012,-114.289319,35.6043950409384,12
"312",2023,"Isla_Asuncion","Sur",3,27.105012,-114.289319,61.0648146014365,12
"313",2023,"Isla_San_Martin_Protegido","Sur",1,30.4795,-116.106783,17.8021975204692,12
"314",2023,"Isla_San_Martin_Protegido","Sur",2,30.4795,-116.106783,0,12
"315",2023,"Isla_San_Martin_Protegido","Sur",3,30.483533,-116.100067,0,12
"316",2023,"Isla_San_Martin_Expuesto","Sur",1,30.48025,-116.117741,0,12
"317",2023,"Isla_San_Martin_Expuesto","Sur",2,30.48025,-116.117741,0,12
"318",2023,"Isla_San_Martin_Expuesto","Sur",3,30.48025,-116.117741,0,12
"319",2023,"Punta_Banda","Sur",1,31.7366,-116.736605,0,12
"320",2023,"Punta_Banda","Sur",2,31.7366,-116.736605,0,12
"321",2023,"Punta_Banda","Sur",3,31.7366,-116.736605,0,12
"322",2023,"Isla_Todos_Santos_Protegido","Sur",1,31.810967,-116.799483,0,12
"323",2023,"Isla_Todos_Santos_Protegido","Sur",2,31.810967,-116.799483,0,12
"324",2023,"Isla_Todos_Santos_Protegido","Sur",3,31.810967,-116.799483,0,12
"325",2023,"Isla_San_Jeronimo_Expuesto","Sur",1,29.7902,-115.800333,35.0816535128538,18
"326",2023,"Isla_San_Jeronimo_Expuesto","Sur",2,29.7902,-115.800333,96.1464681142904,18
"327",2023,"Isla_San_Jeronimo_Expuesto","Sur",3,29.7902,-115.800333,17.8021975204692,18
"328",2023,"Arrecife_Sacramento","Sur",1,29.7252,-115.764783,0,6
"329",2023,"Arrecife_Sacramento","Sur",3,29.7252,-115.764783,0,6
"330",2023,"Arrecife_Sacramento","Sur",2,29.7252,-115.764783,0,6
"331",2023,"El_Rosario_Picacho","Sur",1,29.888686,-115.774929,0,12
"332",2023,"El_Rosario_Picacho","Sur",2,29.888686,-115.774929,0,12
"333",2023,"El_Rosario_Picacho","Sur",3,29.888686,-115.774929,61.0648146014365,12
"334",2023,"El_Rosario_Lazaro","Sur",1,29.90496,-115.7718,0,12
"335",2023,"El_Rosario_Lazaro","Sur",2,29.90496,-115.7718,0,12
"336",2023,"El_Rosario_Lazaro","Sur",3,29.90496,-115.7718,52.883851033323,12
"337",2023,"La_Bocana","Sur",1,31.522661,-116.662822,0,12
"338",2023,"La_Bocana","Sur",2,31.522661,-116.662822,0,12
"339",2023,"La_Bocana","Sur",3,31.522661,-116.662822,0,12
"340",2023,"El_Retiro","Sur",1,31.597467,-116.665033,0,12
"341",2023,"El_Retiro","Sur",2,31.597467,-116.665033,0,12
"342",2023,"El_Retiro","Sur",3,31.597467,-116.665033,0,12
"343",2023,"Sal_Si_Puedes","Sur",1,31.976803,-116.833583,0,12
"344",2023,"Sal_Si_Puedes","Sur",2,31.976803,-116.833583,17.8021975204692,12
"345",2023,"Sal_Si_Puedes","Sur",3,31.976803,-116.833583,0,12
"346",2023,"San_Miguel","Sur",1,31.90625,-116.75329,0,12
"347",2023,"San_Miguel","Sur",2,31.90625,-116.75329,0,12
"348",2023,"San_Miguel","Sur",3,31.90625,-116.75329,17.8021975204692,12
"349",2023,"Campo_Lopez","Sur",1,32.154178,-116.911088,0,12
"350",2023,"Campo_Lopez","Sur",2,32.154178,-116.911088,0,12
"351",2023,"Campo_Lopez","Sur",3,32.154178,-116.911088,0,12
"352",2023,"Baja_Mar","Sur",1,32.007817,-116.875617,0,12
"353",2023,"Baja_Mar","Sur",2,32.007817,-116.875617,0,12
"354",2023,"Baja_Mar","Sur",3,32.007817,-116.875617,0,12
"355",2023,"Punta_San_Roque","Sur",1,27.172032,-114.430082,97.5684225095698,12
"356",2023,"Punta_San_Roque","Sur",2,27.172032,-114.430082,96.1464681142904,12
"357",2023,"Punta_San_Roque","Sur",3,27.172032,-114.430082,113.94866563476,12
"358",2023,"Emancipacion_El_Cardon","Sur",1,27.484629,-114.625324,201.914170180936,12
"359",2023,"Emancipacion_El_Cardon","Sur",2,27.484629,-114.625324,157.734024243811,12
"360",2023,"Emancipacion_El_Cardon","Sur",3,27.484629,-114.625324,96.1464681142904,12
"361",2023,"Isla_Natividad_La_Vela","Sur",1,27.84298,-115.187048,605.724194553846,12
"362",2023,"Isla_Natividad_La_Vela","Sur",2,27.84298,-115.187048,499.58002114809,12
"363",2023,"Isla_Natividad_La_Vela","Sur",3,27.84298,-115.187048,210.09513374905,12
"364",2023,"Isla_Natividad_El_Tibo","Sur",1,27.88326,-115.215906,219.716367701406,12
"365",2023,"Isla_Natividad_El_Tibo","Sur",2,27.88326,-115.215906,255.320762742344,12
"366",2023,"Isla_Natividad_El_Tibo","Sur",3,27.88326,-115.215906,114.471407162844,12
"367",2023,"Isla_Cedros_Punta_Norte","Sur",1,28.37414,-115.20939,35.6043950409384,12
"368",2023,"Isla_Cedros_Punta_Norte","Sur",2,28.37414,-115.20939,35.6043950409384,12
"369",2023,"Isla_Cedros_Punta_Norte","Sur",3,28.37414,-115.20939,52.883851033323,12
"370",2023,"Isla_Cedros_Puerto_Escondido","Sur",1,28.28706,-115.25998,71.2087900818768,12
"371",2023,"Isla_Cedros_Puerto_Escondido","Sur",2,28.28706,-115.25998,17.8021975204692,12
"372",2023,"Isla_Cedros_Puerto_Escondido","Sur",3,28.28706,-115.25998,35.6043950409384,12
"373",2023,"Islas_San_Benito_El_Creston","Sur",1,28.2971,-115.577,0,12
"374",2023,"Islas_San_Benito_El_Creston","Sur",2,28.2971,-115.577,17.8021975204692,12
"375",2023,"Islas_San_Benito_El_Creston","Sur",3,28.2971,-115.577,17.8021975204692,12
"376",2023,"Isla_Cedros_Cabo_San_Agustin","Sur",1,28.074658,-115.35798,228.942814325688,12
"377",2023,"Isla_Cedros_Cabo_San_Agustin","Sur",2,28.074658,-115.35798,150.452273542893,12
"378",2023,"Isla_Cedros_Cabo_San_Agustin","Sur",3,28.074658,-115.35798,35.0816535128538,12
"379",2023,"Isla_Cedros_La_Botella","Sur",1,28.026212,-115.228598,106.813185122815,12
"380",2023,"Isla_Cedros_La_Botella","Sur",2,28.026212,-115.228598,106.813185122815,12
"381",2023,"Isla_Cedros_La_Botella","Sur",3,28.026212,-115.228598,17.8021975204692,12
"382",2023,"Punta_Eugenia_Las_Boyas","Sur",1,27.84058,-115.080928,483.740835539948,12
"383",2023,"Punta_Eugenia_Las_Boyas","Sur",2,27.84058,-115.080928,301.42728861387,12
"384",2023,"Punta_Eugenia_Las_Boyas","Sur",3,27.84058,-115.080928,53.4065925614076,12
"385",2023,"Punta_Eugenia_El_Reventon","Sur",1,27.87437,-115.05815,35.6043950409384,12
"386",2023,"Punta_Eugenia_El_Reventon","Sur",2,27.87437,-115.05815,113.94866563476,12
"387",2023,"Punta_Eugenia_El_Reventon","Sur",3,27.87437,-115.05815,105.244960538562,12
"388",2023,"Bahia_Tortugas_Clambei","Sur",1,27.625737,-114.863255,238.041306749959,9
"389",2023,"Bahia_Tortugas_Clambei","Sur",2,27.625737,-114.863255,308.727355303752,9
"390",2023,"Bahia_Tortugas_Clambei","Sur",3,27.625737,-114.863255,547.273087592833,9
